run_date,platform,backend,input_bits,circuit_length,shots,counts_json,success_probability,job_id,job_start_time,job_end_time,qpu_execution_sec,sdk_version,notes
2024-02-13,unknown,sv1,01,6,1,"{""01"": 1}",1.0,arn:aws:braket:us-west-2:835581428919:quantum-task/07074409-31c5-4500-ab16-3d8dcd94ad98,2024-02-13T22:04:26.199Z,2024-02-13T22:04:27.689Z,,,
2024-02-13,unknown,sv1,01,4,1,"{""10"": 1}",1.0,arn:aws:braket:us-west-2:835581428919:quantum-task/0c980d86-6922-4733-b419-d5b3b792eff2,2024-02-13T22:04:20.989Z,2024-02-13T22:04:22.286Z,,,
2024-02-13,unknown,sv1,00,2,1,"{""00"": 1}",1.0,arn:aws:braket:us-west-2:835581428919:quantum-task/0d44cf10-eaf2-4a6e-b148-9669e71fc812,2024-02-13T22:03:59.934Z,2024-02-13T22:04:01.514Z,,,
2024-02-13,unknown,sv1,10,2,1,"{""01"": 1}",1.0,arn:aws:braket:us-west-2:835581428919:quantum-task/1108cbef-21b6-4611-968a-26d8fbb0278b,2024-02-13T22:04:31.404Z,2024-02-13T22:04:33.347Z,,,
2024-02-13,unknown,sv1,11,5,1,"{""01"": 1}",1.0,arn:aws:braket:us-west-2:835581428919:quantum-task/14bd8ab2-0fc9-4355-bbc9-dd9f6285d89b,2024-02-13T22:04:55.014Z,2024-02-13T22:04:56.329Z,,,
2024-02-13,unknown,sv1,00,1,1,"{""00"": 1}",1.0,arn:aws:braket:us-west-2:835581428919:quantum-task/18a6d2bb-62f4-4bb4-abbf-bafa3c9e300f,2024-02-13T21:41:16.969Z,2024-02-13T21:41:18.576Z,,,
2024-02-13,unknown,sv1,10,5,1,"{""10"": 1}",1.0,arn:aws:braket:us-west-2:835581428919:quantum-task/19dec4a3-7df4-46c9-b26d-6864a4e1abc0,2024-02-13T22:04:39.559Z,2024-02-13T22:04:41.012Z,,,
2024-02-13,unknown,sv1,11,6,1,"{""11"": 1}",1.0,arn:aws:braket:us-west-2:835581428919:quantum-task/1aa97f6f-8de7-4e50-828f-b66605146756,2024-02-13T22:04:57.630Z,2024-02-13T22:04:59.610Z,,,
2024-02-13,unknown,sv1,00,6,1,"{""00"": 1}",1.0,arn:aws:braket:us-west-2:835581428919:quantum-task/1eb13605-0cf4-4599-bf80-3493dd27147d,2024-02-13T22:04:10.432Z,2024-02-13T22:04:12.352Z,,,
2024-02-13,unknown,sv1,11,1,1,"{""10"": 1}",1.0,arn:aws:braket:us-west-2:835581428919:quantum-task/20b4f3a4-09c4-44a7-bb42-11038282fd4d,2024-02-13T21:57:52.121Z,2024-02-13T21:57:53.493Z,,,
2024-02-13,unknown,sv1,11,5,1,"{""01"": 1}",1.0,arn:aws:braket:us-west-2:835581428919:quantum-task/234bba43-6f66-4870-8a4d-3fc409a274ec,2024-02-13T21:58:02.653Z,2024-02-13T21:58:04.212Z,,,
2024-02-13,unknown,sv1,10,6,1,"{""10"": 1}",1.0,arn:aws:braket:us-west-2:835581428919:quantum-task/2bfc6d2d-b71f-4e81-a735-042b7c22655a,2024-02-13T21:57:49.518Z,2024-02-13T21:57:50.909Z,,,
2024-02-13,unknown,sv1,00,2,1,"{""00"": 1}",1.0,arn:aws:braket:us-west-2:835581428919:quantum-task/30764152-6223-4285-b76c-5d2380806360,2024-02-13T21:57:07.215Z,2024-02-13T21:57:08.596Z,,,
2024-02-13,unknown,sv1,10,3,1,"{""01"": 1}",1.0,arn:aws:braket:us-west-2:835581428919:quantum-task/35b71a20-106e-4e58-8025-2a4fe45928ec,2024-02-13T22:04:34.090Z,2024-02-13T22:04:36.049Z,,,
2024-02-13,unknown,sv1,00,5,1,"{""00"": 1}",1.0,arn:aws:braket:us-west-2:835581428919:quantum-task/3b14761c-9bee-434c-b4e2-659be88a3a0f,2024-02-13T22:04:07.824Z,2024-02-13T22:04:09.424Z,,,
2024-02-13,unknown,sv1,10,5,1,"{""10"": 1}",1.0,arn:aws:braket:us-west-2:835581428919:quantum-task/405d450c-e5ee-4e9c-9b7e-07467452977f,2024-02-13T21:57:46.950Z,2024-02-13T21:57:48.015Z,,,
2024-02-13,unknown,sv1,01,2,1,"{""11"": 1}",1.0,arn:aws:braket:us-west-2:835581428919:quantum-task/48429bf8-6351-4719-9126-ffacf12b7463,2024-02-13T21:57:23.468Z,2024-02-13T21:57:24.570Z,,,
2024-02-13,unknown,sv1,00,1,1,"{""00"": 1}",1.0,arn:aws:braket:us-west-2:835581428919:quantum-task/4860e838-d850-4b57-bce2-77e98fb2540b,2024-02-13T22:03:57.186Z,2024-02-13T22:03:58.769Z,,,
2024-02-13,unknown,sv1,11,4,1,"{""01"": 1}",1.0,arn:aws:braket:us-west-2:835581428919:quantum-task/4a581727-3cb6-4a40-a011-cce35d756f89,2024-02-13T21:58:00.072Z,2024-02-13T21:58:01.224Z,,,
2024-02-13,unknown,sv1,10,1,1,"{""11"": 1}",1.0,arn:aws:braket:us-west-2:835581428919:quantum-task/4ab52bb7-e5c7-4972-8b3b-48d733501bb9,2024-02-13T22:04:28.791Z,2024-02-13T22:04:30.342Z,,,
2024-02-13,unknown,sv1,00,1,1,"{""00"": 1}",1.0,arn:aws:braket:us-west-2:835581428919:quantum-task/50d2ed3a-276a-40d5-b94b-a7ed110c351d,2024-02-13T21:57:04.527Z,2024-02-13T21:57:06.089Z,,,
2024-02-13,unknown,sv1,10,4,1,"{""11"": 1}",1.0,arn:aws:braket:us-west-2:835581428919:quantum-task/5939b552-4d32-4db2-974e-8a3978d33adb,2024-02-13T22:04:36.788Z,2024-02-13T22:04:38.394Z,,,
2024-02-13,unknown,sv1,10,6,1,"{""10"": 1}",1.0,arn:aws:braket:us-west-2:835581428919:quantum-task/5bd413e9-6893-4b30-a13e-e8078ebe6576,2024-02-13T22:04:42.087Z,2024-02-13T22:04:43.268Z,,,
2024-02-13,unknown,sv1,01,5,1,"{""11"": 1}",1.0,arn:aws:braket:us-west-2:835581428919:quantum-task/5da204fa-e1dd-475a-9fdf-65f0aada9d55,2024-02-13T22:04:23.613Z,2024-02-13T22:04:25.287Z,,,
2024-02-13,unknown,sv1,00,4,1,"{""00"": 1}",1.0,arn:aws:braket:us-west-2:835581428919:quantum-task/6b74232d-7249-4ba4-8915-ba684a07801f,2024-02-13T22:04:05.135Z,2024-02-13T22:04:06.908Z,,,
2024-02-13,unknown,sv1,01,2,1,"{""11"": 1}",1.0,arn:aws:braket:us-west-2:835581428919:quantum-task/72af20f1-378e-45f9-8f48-3e671ea6a05b,2024-02-13T22:04:15.798Z,2024-02-13T22:04:17.178Z,,,
2024-02-13,unknown,sv1,10,3,1,"{""01"": 1}",1.0,arn:aws:braket:us-west-2:835581428919:quantum-task/78e91b01-f9f7-4d6f-a61f-9f4715795e85,2024-02-13T21:57:41.761Z,2024-02-13T21:57:43.391Z,,,
2024-02-13,unknown,sv1,11,6,1,"{""11"": 1}",1.0,arn:aws:braket:us-west-2:835581428919:quantum-task/794b9a79-8247-46dc-8093-702f606edaa7,2024-02-13T21:58:05.369Z,2024-02-13T21:58:06.916Z,,,
2024-02-13,unknown,sv1,00,6,1,"{""00"": 1}",1.0,arn:aws:braket:us-west-2:835581428919:quantum-task/7db3a83d-6127-40c1-9706-f1f8ccf88b2e,2024-02-13T21:57:18.131Z,2024-02-13T21:57:19.791Z,,,
2024-02-13,unknown,sv1,11,3,1,"{""11"": 1}",1.0,arn:aws:braket:us-west-2:835581428919:quantum-task/7e90b046-ddfe-4fe1-b70e-b04550f76975,2024-02-13T21:57:57.432Z,2024-02-13T21:57:58.870Z,,,
2024-02-13,unknown,sv1,01,1,1,"{""01"": 1}",1.0,arn:aws:braket:us-west-2:835581428919:quantum-task/90ca7ba4-243f-495b-9cc4-d3b71660cf0a,2024-02-13T22:04:13.165Z,2024-02-13T22:04:14.709Z,,,
2024-02-13,unknown,sv1,00,1,1,"{""00"": 1}",1.0,arn:aws:braket:us-west-2:835581428919:quantum-task/972852b6-b2bf-45de-bf07-1481e5f2a574,2024-02-13T21:55:44.519Z,2024-02-13T21:55:46.031Z,,,
2024-02-13,unknown,sv1,11,2,1,"{""10"": 1}",1.0,arn:aws:braket:us-west-2:835581428919:quantum-task/99792d21-c5f7-4b45-a638-78ffa2c70855,2024-02-13T21:57:54.706Z,2024-02-13T21:57:56.426Z,,,
2024-02-13,unknown,sv1,01,3,1,"{""10"": 1}",1.0,arn:aws:braket:us-west-2:835581428919:quantum-task/997d67ed-d611-468e-8658-ac5794394fd9,2024-02-13T21:57:26.044Z,2024-02-13T21:57:27.532Z,,,
2024-02-13,unknown,sv1,11,1,1,"{""10"": 1}",1.0,arn:aws:braket:us-west-2:835581428919:quantum-task/9ac2dcd8-b9ce-4912-9f9c-da834be2ab94,2024-02-13T22:04:44.632Z,2024-02-13T22:04:46.013Z,,,
2024-02-13,unknown,sv1,01,5,1,"{""11"": 1}",1.0,arn:aws:braket:us-west-2:835581428919:quantum-task/a11c778d-9fbe-48d0-a874-ef9c3d4736a8,2024-02-13T21:57:31.281Z,2024-02-13T21:57:32.752Z,,,
2024-02-13,unknown,sv1,00,3,1,"{""00"": 1}",1.0,arn:aws:braket:us-west-2:835581428919:quantum-task/ab10fc59-e9d1-4811-a7e0-a0e96a65e70a,2024-02-13T22:04:02.540Z,2024-02-13T22:04:03.974Z,,,
2024-02-13,unknown,sv1,11,4,1,"{""01"": 1}",1.0,arn:aws:braket:us-west-2:835581428919:quantum-task/abf4dae5-2380-47bf-87c8-920155f4f1dc,2024-02-13T22:04:52.420Z,2024-02-13T22:04:53.804Z,,,
2024-02-13,unknown,sv1,01,3,1,"{""10"": 1}",1.0,arn:aws:braket:us-west-2:835581428919:quantum-task/c16c3edc-459f-4388-a9fd-c08c10cea970,2024-02-13T22:04:18.378Z,2024-02-13T22:04:19.663Z,,,
2024-02-13,unknown,sv1,10,2,1,"{""01"": 1}",1.0,arn:aws:braket:us-west-2:835581428919:quantum-task/c521686b-2206-4673-8f0f-807d3f021c63,2024-02-13T21:57:39.197Z,2024-02-13T21:57:40.817Z,,,
2024-02-13,unknown,sv1,00,4,1,"{""00"": 1}",1.0,arn:aws:braket:us-west-2:835581428919:quantum-task/c5ead6bd-202e-44e9-b0e3-3577831645b4,2024-02-13T21:57:12.433Z,2024-02-13T21:57:13.770Z,,,
2024-02-13,unknown,sv1,10,4,1,"{""11"": 1}",1.0,arn:aws:braket:us-west-2:835581428919:quantum-task/cdb259bd-df4b-432c-baeb-bae547b0a144,2024-02-13T21:57:44.369Z,2024-02-13T21:57:45.911Z,,,
2024-02-13,unknown,sv1,00,1,1,"{""00"": 1}",1.0,arn:aws:braket:us-west-2:835581428919:quantum-task/cf3fd3dd-290d-40e2-a043-567bf1283288,2024-02-13T21:51:07.181Z,2024-02-13T21:51:08.576Z,,,
2024-02-13,unknown,sv1,01,4,1,"{""10"": 1}",1.0,arn:aws:braket:us-west-2:835581428919:quantum-task/d6164197-b18f-4044-b7da-018be7c9366d,2024-02-13T21:57:28.635Z,2024-02-13T21:57:30.237Z,,,
2024-02-13,unknown,sv1,00,1,1,"{""00"": 1}",1.0,arn:aws:braket:us-west-2:835581428919:quantum-task/de68ae60-1244-45a4-8dbb-4546b2d5718f,2024-02-13T21:52:17.554Z,2024-02-13T21:52:19.438Z,,,
2024-02-13,unknown,sv1,11,2,1,"{""10"": 1}",1.0,arn:aws:braket:us-west-2:835581428919:quantum-task/e28b128c-31ed-481f-ba45-0dc00adc235c,2024-02-13T22:04:47.184Z,2024-02-13T22:04:48.597Z,,,
2024-02-13,unknown,sv1,11,3,1,"{""11"": 1}",1.0,arn:aws:braket:us-west-2:835581428919:quantum-task/e4555d8f-b9ac-4578-94fb-fd7d5ef1faf1,2024-02-13T22:04:49.764Z,2024-02-13T22:04:51.033Z,,,
2024-02-13,unknown,sv1,00,1,1,"{""00"": 1}",1.0,arn:aws:braket:us-west-2:835581428919:quantum-task/e7278b2c-bc33-4db9-b3e1-88dd8f474608,2024-02-13T21:53:55.401Z,2024-02-13T21:53:56.695Z,,,
2024-02-13,unknown,sv1,00,3,1,"{""00"": 1}",1.0,arn:aws:braket:us-west-2:835581428919:quantum-task/ee36a28e-b43e-453f-b0ee-0a0e6ac52390,2024-02-13T21:57:09.814Z,2024-02-13T21:57:11.456Z,,,
2024-02-13,unknown,sv1,01,1,1,"{""01"": 1}",1.0,arn:aws:braket:us-west-2:835581428919:quantum-task/ee54c6e0-5866-475b-8cf4-5c83a6310eb8,2024-02-13T21:57:20.798Z,2024-02-13T21:57:22.518Z,,,
2024-02-13,unknown,sv1,10,1,1,"{""11"": 1}",1.0,arn:aws:braket:us-west-2:835581428919:quantum-task/ee766dda-3a1d-45c8-95e3-7d2ee534742b,2024-02-13T21:57:36.619Z,2024-02-13T21:57:38.013Z,,,
2024-02-13,unknown,sv1,01,6,1,"{""01"": 1}",1.0,arn:aws:braket:us-west-2:835581428919:quantum-task/f1057353-e12b-40fe-b696-6d64c6693e07,2024-02-13T21:57:33.901Z,2024-02-13T21:57:35.515Z,,,
2024-02-13,unknown,sv1,00,5,1,"{""00"": 1}",1.0,arn:aws:braket:us-west-2:835581428919:quantum-task/f37634d0-4290-4343-8fe4-b0e0d696de8e,2024-02-13T21:57:15.351Z,2024-02-13T21:57:16.993Z,,,
2024-02-16,unknown,sv1,01,2,1,"{""11"": 1}",1.0,arn:aws:braket:us-west-2:835581428919:quantum-task/1a7dbc57-ce5c-4938-ae5e-41c29df3732d,2024-02-16T18:48:37.564Z,2024-02-16T18:48:39.520Z,,,
2024-02-16,unknown,sv1,01,6,1,"{""01"": 1}",1.0,arn:aws:braket:us-west-2:835581428919:quantum-task/1cb7bd4c-f022-44ae-be02-ec16f9940f08,2024-02-16T18:48:48.186Z,2024-02-16T18:48:50.102Z,,,
2024-02-16,unknown,sv1,01,3,1,"{""10"": 1}",1.0,arn:aws:braket:us-west-2:835581428919:quantum-task/21d0881b-e4da-41c5-a96e-8f14277ed059,2024-02-16T18:48:40.518Z,2024-02-16T18:48:41.968Z,,,
2024-02-16,unknown,sv1,10,3,1,"{""01"": 1}",1.0,arn:aws:braket:us-west-2:835581428919:quantum-task/2859550e-97ef-4d3b-b153-1837b8b4bef5,2024-02-16T18:48:56.136Z,2024-02-16T18:48:59.282Z,,,
2024-02-16,unknown,sv1,00,6,1,"{""00"": 1}",1.0,arn:aws:braket:us-west-2:835581428919:quantum-task/2e641920-d5d2-4650-b395-e2d21cf99fbe,2024-02-16T18:48:29.830Z,2024-02-16T18:48:32.950Z,,,
2024-02-16,unknown,sv1,10,1,1,"{""11"": 1}",1.0,arn:aws:braket:us-west-2:835581428919:quantum-task/3aa299b1-37e6-4845-b7e3-036e729d41e4,2024-02-16T18:48:50.871Z,2024-02-16T18:48:52.720Z,,,
2024-02-16,unknown,sv1,00,1,1,"{""00"": 1}",1.0,arn:aws:braket:us-west-2:835581428919:quantum-task/3f88d2f9-44cd-4ac4-8b5b-628ba13147b5,2024-02-16T18:48:16.684Z,2024-02-16T18:48:17.948Z,,,
2024-02-16,unknown,sv1,00,3,1,"{""00"": 1}",1.0,arn:aws:braket:us-west-2:835581428919:quantum-task/430e2893-cf9c-4032-aaca-32737d633b31,2024-02-16T18:48:22.058Z,2024-02-16T18:48:23.652Z,,,
2024-02-16,unknown,sv1,10,4,1,"{""11"": 1}",1.0,arn:aws:braket:us-west-2:835581428919:quantum-task/6dac5a87-e98c-4f75-8a64-666f94aa0922,2024-02-16T18:48:59.805Z,2024-02-16T18:49:01.360Z,,,
2024-02-16,unknown,sv1,11,5,1,"{""01"": 1}",1.0,arn:aws:braket:us-west-2:835581428919:quantum-task/86899af0-4bae-46cd-a88c-a52878197649,2024-02-16T18:49:20.497Z,2024-02-16T18:49:21.951Z,,,
2024-02-16,unknown,sv1,01,4,1,"{""10"": 1}",1.0,arn:aws:braket:us-west-2:835581428919:quantum-task/9a664adc-bc60-4796-890f-25075a092f22,2024-02-16T18:48:43.051Z,2024-02-16T18:48:44.508Z,,,
2024-02-16,unknown,sv1,11,4,1,"{""01"": 1}",1.0,arn:aws:braket:us-west-2:835581428919:quantum-task/a762a4e8-8bc2-40e7-8209-51f196a8bf7f,2024-02-16T18:49:15.777Z,2024-02-16T18:49:19.274Z,,,
2024-02-16,unknown,sv1,11,3,1,"{""11"": 1}",1.0,arn:aws:braket:us-west-2:835581428919:quantum-task/a7c2e7ae-178b-4b35-a1ce-df499444601e,2024-02-16T18:49:13.087Z,2024-02-16T18:49:14.852Z,,,
2024-02-16,unknown,sv1,01,1,1,"{""01"": 1}",1.0,arn:aws:braket:us-west-2:835581428919:quantum-task/a854108d-450b-4bfa-8314-8e307472e39f,2024-02-16T18:48:33.734Z,2024-02-16T18:48:36.750Z,,,
2024-02-16,unknown,sv1,01,5,1,"{""11"": 1}",1.0,arn:aws:braket:us-west-2:835581428919:quantum-task/aa25a2c1-fbcb-470d-94f2-55a836244673,2024-02-16T18:48:45.626Z,2024-02-16T18:48:47.000Z,,,
2024-02-16,unknown,sv1,10,6,1,"{""10"": 1}",1.0,arn:aws:braket:us-west-2:835581428919:quantum-task/ab4fd963-5f0c-464b-9835-63c9b7a2c4e8,2024-02-16T18:49:05.115Z,2024-02-16T18:49:06.472Z,,,
2024-02-16,unknown,sv1,10,2,1,"{""01"": 1}",1.0,arn:aws:braket:us-west-2:835581428919:quantum-task/ad7e01b5-430c-478c-a946-be37c88fa175,2024-02-16T18:48:53.529Z,2024-02-16T18:48:54.801Z,,,
2024-02-16,unknown,sv1,10,5,1,"{""10"": 1}",1.0,arn:aws:braket:us-west-2:835581428919:quantum-task/b6dfea23-9550-4066-b598-cc409b860978,2024-02-16T18:49:02.458Z,2024-02-16T18:49:03.892Z,,,
2024-02-16,unknown,sv1,11,2,1,"{""10"": 1}",1.0,arn:aws:braket:us-west-2:835581428919:quantum-task/bc2446b6-73f3-4ec4-b074-5f4d134b3a39,2024-02-16T18:49:10.419Z,2024-02-16T18:49:11.820Z,,,
2024-02-16,unknown,sv1,11,1,1,"{""10"": 1}",1.0,arn:aws:braket:us-west-2:835581428919:quantum-task/c4ba8bb4-eb29-4800-835d-6b1746a78e7d,2024-02-16T18:49:07.689Z,2024-02-16T18:49:09.315Z,,,
2024-02-16,unknown,sv1,00,4,1,"{""00"": 1}",1.0,arn:aws:braket:us-west-2:835581428919:quantum-task/d32446ec-4142-4197-b740-bd118543629f,2024-02-16T18:48:24.650Z,2024-02-16T18:48:26.051Z,,,
2024-02-16,unknown,sv1,00,2,1,"{""00"": 1}",1.0,arn:aws:braket:us-west-2:835581428919:quantum-task/e7fb80fe-c35d-447a-9bef-e8e24b1a6816,2024-02-16T18:48:19.410Z,2024-02-16T18:48:21.297Z,,,
2024-02-16,unknown,sv1,11,6,1,"{""11"": 1}",1.0,arn:aws:braket:us-west-2:835581428919:quantum-task/f03bae48-add8-4f50-ba4c-1f1c738ee35d,2024-02-16T18:49:23.087Z,2024-02-16T18:49:26.077Z,,,
2024-02-16,unknown,sv1,00,5,1,"{""00"": 1}",1.0,arn:aws:braket:us-west-2:835581428919:quantum-task/fe06e911-86a3-4aae-b82b-20656bf559e7,2024-02-16T18:48:27.232Z,2024-02-16T18:48:28.732Z,,,
2024-02-20,unknown,sv1,00,5,1,"{""00"": 1}",1.0,arn:aws:braket:us-west-2:835581428919:quantum-task/09ea57e3-dc30-46dd-bbc7-86984fff9b32,2024-02-20T00:58:11.164Z,2024-02-20T00:58:12.853Z,,,
2024-02-20,unknown,sv1,01,5,1,"{""11"": 1}",1.0,arn:aws:braket:us-west-2:835581428919:quantum-task/1449c8d2-a4cd-4075-9bbc-25db9ee30c7e,2024-02-20T05:01:56.862Z,2024-02-20T05:01:58.436Z,,,
2024-02-20,unknown,sv1,11,2,1,"{""10"": 1}",1.0,arn:aws:braket:us-west-2:835581428919:quantum-task/1ad7ea61-5312-43c5-a354-936ec74b2e32,2024-02-20T00:58:51.920Z,2024-02-20T00:58:53.423Z,,,
2024-02-20,unknown,sv1,11,6,1,"{""11"": 1}",1.0,arn:aws:braket:us-west-2:835581428919:quantum-task/1d200ff7-88b1-4e55-89f9-93e5b2785eaf,2024-02-20T05:02:35.822Z,2024-02-20T05:02:37.531Z,,,
2024-02-20,unknown,sv1,01,6,1,"{""01"": 1}",1.0,arn:aws:braket:us-west-2:835581428919:quantum-task/222d489e-f562-40c7-8dea-98ee86c2eedd,2024-02-20T00:58:30.265Z,2024-02-20T00:58:31.490Z,,,
2024-02-20,unknown,sv1,10,6,1,"{""10"": 1}",1.0,arn:aws:braket:us-west-2:835581428919:quantum-task/22657a53-0fd9-4ccd-9f55-8aec961f532d,2024-02-20T05:02:15.994Z,2024-02-20T05:02:19.595Z,,,
2024-02-20,unknown,sv1,11,6,1,"{""11"": 1}",1.0,arn:aws:braket:us-west-2:835581428919:quantum-task/2db26c72-eedc-495e-8df5-879dd678b6d7,2024-02-20T00:59:03.437Z,2024-02-20T00:59:04.916Z,,,
2024-02-20,unknown,sv1,01,5,1,"{""11"": 1}",1.0,arn:aws:braket:us-west-2:835581428919:quantum-task/36e558b2-8b36-4c68-a05c-b2de8471b26b,2024-02-20T00:58:27.738Z,2024-02-20T00:58:28.816Z,,,
2024-02-20,unknown,sv1,00,5,1,"{""00"": 1}",1.0,arn:aws:braket:us-west-2:835581428919:quantum-task/3b2e9cc1-692f-48fa-9a1d-8874d2633622,2024-02-20T05:01:41.247Z,2024-02-20T05:01:43.418Z,,,
2024-02-20,unknown,sv1,11,3,1,"{""11"": 1}",1.0,arn:aws:braket:us-west-2:835581428919:quantum-task/3b94012e-20d8-4167-9fbb-b78e80455813,2024-02-20T05:02:28.080Z,2024-02-20T05:02:29.632Z,,,
2024-02-20,unknown,sv1,01,3,1,"{""10"": 1}",1.0,arn:aws:braket:us-west-2:835581428919:quantum-task/427da09e-b8bf-46cc-b571-49c5bb3994f1,2024-02-20T05:01:51.632Z,2024-02-20T05:01:53.036Z,,,
2024-02-20,unknown,sv1,11,2,1,"{""10"": 1}",1.0,arn:aws:braket:us-west-2:835581428919:quantum-task/50708310-562d-4adb-b5e3-346764132c45,2024-02-20T05:02:23.378Z,2024-02-20T05:02:26.833Z,,,
2024-02-20,unknown,sv1,10,3,1,"{""01"": 1}",1.0,arn:aws:braket:us-west-2:835581428919:quantum-task/528cd395-0293-4a44-af45-420fa6c0e092,2024-02-20T00:58:38.159Z,2024-02-20T00:58:39.476Z,,,
2024-02-20,unknown,sv1,00,6,1,"{""00"": 1}",1.0,arn:aws:braket:us-west-2:835581428919:quantum-task/53ed8aa7-a07c-4b4b-b508-a7fbbfc24a99,2024-02-20T00:58:13.692Z,2024-02-20T00:58:15.038Z,,,
2024-02-20,unknown,sv1,01,2,1,"{""11"": 1}",1.0,arn:aws:braket:us-west-2:835581428919:quantum-task/65d9c1ab-4e38-44ac-b88e-f8e71c32bdaa,2024-02-20T00:58:18.838Z,2024-02-20T00:58:20.555Z,,,
2024-02-20,unknown,sv1,10,1,1,"{""11"": 1}",1.0,arn:aws:braket:us-west-2:835581428919:quantum-task/66130b6c-7006-4b91-b667-6730abd5d3c1,2024-02-20T00:58:32.782Z,2024-02-20T00:58:34.297Z,,,
2024-02-20,unknown,sv1,00,2,1,"{""00"": 1}",1.0,arn:aws:braket:us-west-2:835581428919:quantum-task/663fd936-da00-48f1-ba1a-28bcd5f7763b,2024-02-20T05:01:33.414Z,2024-02-20T05:01:34.598Z,,,
2024-02-20,unknown,sv1,11,5,1,"{""01"": 1}",1.0,arn:aws:braket:us-west-2:835581428919:quantum-task/6aae736c-3628-44c3-95ec-cc19020b998c,2024-02-20T05:02:33.286Z,2024-02-20T05:02:34.578Z,,,
2024-02-20,unknown,sv1,10,1,1,"{""11"": 1}",1.0,arn:aws:braket:us-west-2:835581428919:quantum-task/6f68ae01-8023-46c5-9493-de7adce484ef,2024-02-20T05:02:01.985Z,2024-02-20T05:02:03.734Z,,,
2024-02-20,unknown,sv1,01,1,1,"{""01"": 1}",1.0,arn:aws:braket:us-west-2:835581428919:quantum-task/712cfcfc-7879-445e-baee-f8dfe6313c24,2024-02-20T05:01:46.419Z,2024-02-20T05:01:47.578Z,,,
2024-02-20,unknown,sv1,10,4,1,"{""11"": 1}",1.0,arn:aws:braket:us-west-2:835581428919:quantum-task/79ad3c3b-3ca8-4e6e-a5f1-0cf93494cd12,2024-02-20T05:02:10.719Z,2024-02-20T05:02:11.940Z,,,
2024-02-20,unknown,sv1,10,6,1,"{""10"": 1}",1.0,arn:aws:braket:us-west-2:835581428919:quantum-task/7b9a9e7f-947f-4bc8-a060-46354abc1876,2024-02-20T00:58:45.746Z,2024-02-20T00:58:47.300Z,,,
2024-02-20,unknown,sv1,10,2,1,"{""01"": 1}",1.0,arn:aws:braket:us-west-2:835581428919:quantum-task/7e599f95-0cb3-4bbe-8abd-f26bf3fedd0b,2024-02-20T00:58:35.389Z,2024-02-20T00:58:36.812Z,,,
2024-02-20,unknown,sv1,10,2,1,"{""01"": 1}",1.0,arn:aws:braket:us-west-2:835581428919:quantum-task/8152e549-0abb-4d2d-849e-ceba4f3f8ee0,2024-02-20T05:02:04.521Z,2024-02-20T05:02:05.903Z,,,
2024-02-20,unknown,sv1,01,1,1,"{""01"": 1}",1.0,arn:aws:braket:us-west-2:835581428919:quantum-task/8ba00a86-bae4-44dd-883e-cee73130231a,2024-02-20T00:58:16.239Z,2024-02-20T00:58:17.291Z,,,
2024-02-20,unknown,sv1,00,3,1,"{""00"": 1}",1.0,arn:aws:braket:us-west-2:835581428919:quantum-task/8c5e52a2-8ad8-4207-995b-c494575b8d59,2024-02-20T00:58:06.010Z,2024-02-20T00:58:07.730Z,,,
2024-02-20,unknown,sv1,11,1,1,"{""10"": 1}",1.0,arn:aws:braket:us-west-2:835581428919:quantum-task/903494ec-bcd7-4833-8d5b-b70ea2d0719f,2024-02-20T00:58:48.313Z,2024-02-20T00:58:51.440Z,,,
2024-02-20,unknown,sv1,00,6,1,"{""00"": 1}",1.0,arn:aws:braket:us-west-2:835581428919:quantum-task/93020cd0-5ecb-4429-8f78-ab18a0081282,2024-02-20T05:01:43.911Z,2024-02-20T05:01:44.955Z,,,
2024-02-20,unknown,sv1,00,3,1,"{""00"": 1}",1.0,arn:aws:braket:us-west-2:835581428919:quantum-task/973a1f55-8c4b-497f-a408-137c75a20ace,2024-02-20T05:01:35.929Z,2024-02-20T05:01:37.217Z,,,
2024-02-20,unknown,sv1,10,4,1,"{""11"": 1}",1.0,arn:aws:braket:us-west-2:835581428919:quantum-task/9c8805e1-c2bd-4e6b-821e-e4c6dcb11d7e,2024-02-20T00:58:40.699Z,2024-02-20T00:58:41.942Z,,,
2024-02-20,unknown,sv1,00,4,1,"{""00"": 1}",1.0,arn:aws:braket:us-west-2:835581428919:quantum-task/a5574241-8635-422c-b736-f1e6124477fb,2024-02-20T05:01:38.512Z,2024-02-20T05:01:39.829Z,,,
2024-02-20,unknown,sv1,01,4,1,"{""10"": 1}",1.0,arn:aws:braket:us-west-2:835581428919:quantum-task/adcf4638-2156-4abf-9bbd-06060472c5b1,2024-02-20T05:01:54.207Z,2024-02-20T05:01:55.883Z,,,
2024-02-20,unknown,sv1,00,1,1,"{""00"": 1}",1.0,arn:aws:braket:us-west-2:835581428919:quantum-task/b915adc1-76e5-4ede-993d-b0e5312fda9b,2024-02-20T05:01:30.619Z,2024-02-20T05:01:32.238Z,,,
2024-02-20,unknown,sv1,00,2,1,"{""00"": 1}",1.0,arn:aws:braket:us-west-2:835581428919:quantum-task/b94e9a7f-9b5b-4e90-8bd8-c73463b5c384,2024-02-20T00:58:03.473Z,2024-02-20T00:58:04.804Z,,,
2024-02-20,unknown,sv1,11,5,1,"{""01"": 1}",1.0,arn:aws:braket:us-west-2:835581428919:quantum-task/bc314613-278d-42c7-89f7-140e5aaf6ef4,2024-02-20T00:59:00.765Z,2024-02-20T00:59:02.403Z,,,
2024-02-20,unknown,sv1,11,3,1,"{""11"": 1}",1.0,arn:aws:braket:us-west-2:835581428919:quantum-task/bf5ca3f4-db06-476f-826d-edb3799ad663,2024-02-20T00:58:54.512Z,2024-02-20T00:58:55.717Z,,,
2024-02-20,unknown,sv1,00,1,1,"{""00"": 1}",1.0,arn:aws:braket:us-west-2:835581428919:quantum-task/c5faad8e-d63c-4611-8651-e1f3676caf84,2024-02-20T00:58:00.700Z,2024-02-20T00:58:02.056Z,,,
2024-02-20,unknown,sv1,01,4,1,"{""10"": 1}",1.0,arn:aws:braket:us-west-2:835581428919:quantum-task/c7257d41-66cf-4268-8c00-161f45043192,2024-02-20T00:58:25.225Z,2024-02-20T00:58:26.674Z,,,
2024-02-20,unknown,sv1,01,3,1,"{""10"": 1}",1.0,arn:aws:braket:us-west-2:835581428919:quantum-task/c83b3929-d698-414f-91b0-fc45da449993,2024-02-20T00:58:21.445Z,2024-02-20T00:58:24.372Z,,,
2024-02-20,unknown,sv1,11,1,1,"{""10"": 1}",1.0,arn:aws:braket:us-west-2:835581428919:quantum-task/cb58918f-a02e-4928-a7ba-663ab8114473,2024-02-20T05:02:20.734Z,2024-02-20T05:02:22.436Z,,,
2024-02-20,unknown,sv1,00,4,1,"{""00"": 1}",1.0,arn:aws:braket:us-west-2:835581428919:quantum-task/d341ee05-9e8b-4e1c-8116-2282b8f1979c,2024-02-20T00:58:08.676Z,2024-02-20T00:58:10.199Z,,,
2024-02-20,unknown,sv1,11,4,1,"{""01"": 1}",1.0,arn:aws:braket:us-west-2:835581428919:quantum-task/d69f7b20-d558-413e-a358-842f175d0491,2024-02-20T05:02:30.723Z,2024-02-20T05:02:31.857Z,,,
2024-02-20,unknown,sv1,10,5,1,"{""10"": 1}",1.0,arn:aws:braket:us-west-2:835581428919:quantum-task/e079d9ac-0c58-4c05-ae31-2e9c0a8f22a7,2024-02-20T05:02:13.448Z,2024-02-20T05:02:14.994Z,,,
2024-02-20,unknown,sv1,01,6,1,"{""01"": 1}",1.0,arn:aws:braket:us-west-2:835581428919:quantum-task/e5eda7f0-d31c-4c4a-b653-23b7f077fc5e,2024-02-20T05:01:59.417Z,2024-02-20T05:02:01.072Z,,,
2024-02-20,unknown,sv1,10,3,1,"{""01"": 1}",1.0,arn:aws:braket:us-west-2:835581428919:quantum-task/f32b56cc-1310-4928-ad48-68a0a9cc6e06,2024-02-20T05:02:07.077Z,2024-02-20T05:02:09.690Z,,,
2024-02-20,unknown,sv1,10,5,1,"{""10"": 1}",1.0,arn:aws:braket:us-west-2:835581428919:quantum-task/f39cd83d-cb21-495e-bec1-76fa5f0c7c3f,2024-02-20T00:58:43.217Z,2024-02-20T00:58:44.513Z,,,
2024-02-20,unknown,sv1,01,2,1,"{""11"": 1}",1.0,arn:aws:braket:us-west-2:835581428919:quantum-task/f647f0c0-be67-47cc-84de-d7868892fa52,2024-02-20T05:01:49.013Z,2024-02-20T05:01:50.177Z,,,
2024-02-20,unknown,sv1,11,4,1,"{""01"": 1}",1.0,arn:aws:braket:us-west-2:835581428919:quantum-task/f6c328e1-7aa4-4954-ba6f-a5eb7c352388,2024-02-20T00:58:57.156Z,2024-02-20T00:58:59.616Z,,,
2024-02-23,unknown,sv1,10,2,1,"{""01"": 1}",1.0,arn:aws:braket:us-west-2:835581428919:quantum-task/01c500bc-9862-4f2e-a1fc-a33be7bfa548,2024-02-23T22:04:25.711Z,2024-02-23T22:04:26.925Z,,,
2024-02-23,unknown,sv1,11,3,1,"{""11"": 1}",1.0,arn:aws:braket:us-west-2:835581428919:quantum-task/029d26d4-d435-494d-b6cc-5c2d231a0d15,2024-02-23T22:20:55.793Z,2024-02-23T22:20:59.317Z,,,
2024-02-23,unknown,sv1,01,2,1,"{""11"": 1}",1.0,arn:aws:braket:us-west-2:835581428919:quantum-task/04b1ab91-1f5e-4db1-8113-123951c05ce0,2024-02-23T21:32:18.614Z,2024-02-23T21:32:20.172Z,,,
2024-02-23,unknown,sv1,11,6,1,"{""11"": 1}",1.0,arn:aws:braket:us-west-2:835581428919:quantum-task/065debc6-354c-4525-ac50-5e24f926f49f,2024-02-23T22:21:05.909Z,2024-02-23T22:21:07.283Z,,,
2024-02-23,unknown,sv1,11,4,1,"{""01"": 1}",1.0,arn:aws:braket:us-west-2:835581428919:quantum-task/0977d613-3670-4ffc-95ac-2293d2a6ce73,2024-02-23T22:09:26.444Z,2024-02-23T22:09:28.138Z,,,
2024-02-23,unknown,sv1,11,4,1,"{""01"": 1}",1.0,arn:aws:braket:us-west-2:835581428919:quantum-task/098f1bc9-e86e-4e63-a64f-17084f9f2e5e,2024-02-23T22:21:00.587Z,2024-02-23T22:21:02.045Z,,,
2024-02-23,unknown,sv1,00,6,1,"{""00"": 1}",1.0,arn:aws:braket:us-west-2:835581428919:quantum-task/0af6ddb4-431d-4949-9570-adda56e908d9,2024-02-23T22:04:04.783Z,2024-02-23T22:04:06.385Z,,,
2024-02-23,unknown,sv1,10,6,1,"{""10"": 1}",1.0,arn:aws:braket:us-west-2:835581428919:quantum-task/0c07475c-4328-4bef-8cf8-c5e6ba93bcf4,2024-02-23T21:32:46.475Z,2024-02-23T21:32:48.000Z,,,
2024-02-23,unknown,sv1,01,4,1,"{""10"": 1}",1.0,arn:aws:braket:us-west-2:835581428919:quantum-task/11d88a86-7ff2-4199-9079-e211145a52ad,2024-02-23T22:20:27.308Z,2024-02-23T22:20:28.960Z,,,
2024-02-23,unknown,sv1,11,1,1,"{""10"": 1}",1.0,arn:aws:braket:us-west-2:835581428919:quantum-task/14ae68c0-b723-413b-98c4-c0976e025706,2024-02-23T22:09:18.630Z,2024-02-23T22:09:20.089Z,,,
2024-02-23,unknown,sv1,11,4,1,"{""01"": 1}",1.0,arn:aws:braket:us-west-2:835581428919:quantum-task/15ea3f5a-94f8-4bd1-97ee-bba659cc58ac,2024-02-23T21:32:57.899Z,2024-02-23T21:32:58.974Z,,,
2024-02-23,unknown,sv1,01,3,1,"{""10"": 1}",1.0,arn:aws:braket:us-west-2:835581428919:quantum-task/18deadb6-d1fc-4083-83aa-7af3ca74e215,2024-02-23T22:20:24.627Z,2024-02-23T22:20:26.548Z,,,
2024-02-23,unknown,sv1,00,6,1,"{""00"": 1}",1.0,arn:aws:braket:us-west-2:835581428919:quantum-task/1a70a60e-a56d-40be-b636-97afd8bfdbb9,2024-02-23T22:08:42.556Z,2024-02-23T22:08:44.039Z,,,
2024-02-23,unknown,sv1,11,2,1,"{""10"": 1}",1.0,arn:aws:braket:us-west-2:835581428919:quantum-task/1bc1d42e-0c0d-441c-a620-fb8408f9c101,2024-02-23T21:32:51.593Z,2024-02-23T21:32:54.080Z,,,
2024-02-23,unknown,sv1,01,3,1,"{""10"": 1}",1.0,arn:aws:braket:us-west-2:835581428919:quantum-task/1e0bdd7c-7efc-4b0f-8b5b-52f38d516094,2024-02-23T22:08:50.387Z,2024-02-23T22:08:53.803Z,,,
2024-02-23,unknown,sv1,10,6,1,"{""10"": 1}",1.0,arn:aws:braket:us-west-2:835581428919:quantum-task/1f3f58ca-89d3-432b-aa90-9cc606d42ed8,2024-02-23T22:04:36.088Z,2024-02-23T22:04:37.355Z,,,
2024-02-23,unknown,sv1,11,1,1,"{""10"": 1}",1.0,arn:aws:braket:us-west-2:835581428919:quantum-task/23c07f0f-2e9d-447b-958c-7e681d7c01bf,2024-02-23T22:20:50.530Z,2024-02-23T22:20:52.017Z,,,
2024-02-23,unknown,sv1,00,6,1,"{""00"": 1}",1.0,arn:aws:braket:us-west-2:835581428919:quantum-task/25409b79-4a53-4bc2-9033-3479359740e3,2024-02-23T21:32:13.526Z,2024-02-23T21:32:14.822Z,,,
2024-02-23,unknown,sv1,00,4,1,"{""00"": 1}",1.0,arn:aws:braket:us-west-2:835581428919:quantum-task/287580f3-633a-44c7-86f7-298d0a5528ad,2024-02-23T22:08:37.405Z,2024-02-23T22:08:38.746Z,,,
2024-02-23,unknown,sv1,10,4,1,"{""11"": 1}",1.0,arn:aws:braket:us-west-2:835581428919:quantum-task/28f9e55c-c242-4188-8208-616be49c905e,2024-02-23T21:32:41.196Z,2024-02-23T21:32:42.782Z,,,
2024-02-23,unknown,sv1,00,4,1,"{""00"": 1}",1.0,arn:aws:braket:us-west-2:835581428919:quantum-task/2ddcd886-a8d8-4bba-b299-e5c377c4d95c,2024-02-23T21:32:07.228Z,2024-02-23T21:32:08.727Z,,,
2024-02-23,unknown,sv1,11,5,1,"{""01"": 1}",1.0,arn:aws:braket:us-west-2:835581428919:quantum-task/2de4851c-de0e-4939-8be7-dccee36a772d,2024-02-23T22:09:29.025Z,2024-02-23T22:09:30.687Z,,,
2024-02-23,unknown,sv1,00,3,1,"{""00"": 1}",1.0,arn:aws:braket:us-west-2:835581428919:quantum-task/320fc37f-9029-476c-a6f5-e2c7ab7632c1,2024-02-23T22:03:55.734Z,2024-02-23T22:03:57.405Z,,,
2024-02-23,unknown,sv1,00,2,1,"{""00"": 1}",1.0,arn:aws:braket:us-west-2:835581428919:quantum-task/3349ef94-aaeb-458d-8dd8-e92bdc3f7195,2024-02-23T22:08:31.899Z,2024-02-23T22:08:33.251Z,,,
2024-02-23,unknown,sv1,01,2,1,"{""11"": 1}",1.0,arn:aws:braket:us-west-2:835581428919:quantum-task/34cc04d4-9405-4739-b9ad-54cd912d955b,2024-02-23T22:04:10.141Z,2024-02-23T22:04:11.779Z,,,
2024-02-23,unknown,sv1,10,3,1,"{""01"": 1}",1.0,arn:aws:braket:us-west-2:835581428919:quantum-task/355b2e7e-614c-4c7b-884f-0335d4adb988,2024-02-23T22:20:40.141Z,2024-02-23T22:20:41.672Z,,,
2024-02-23,unknown,sv1,01,5,1,"{""11"": 1}",1.0,arn:aws:braket:us-west-2:835581428919:quantum-task/35e5df4b-0259-4820-9af5-bab40d6a8e52,2024-02-23T22:08:57.733Z,2024-02-23T22:08:59.300Z,,,
2024-02-23,unknown,sv1,00,3,1,"{""00"": 1}",1.0,arn:aws:braket:us-west-2:835581428919:quantum-task/400d3328-20e4-4382-a535-352cd2df502e,2024-02-23T22:20:07.940Z,2024-02-23T22:20:09.551Z,,,
2024-02-23,unknown,sv1,10,2,1,"{""01"": 1}",1.0,arn:aws:braket:us-west-2:835581428919:quantum-task/44581ddb-4994-4736-a3cb-d8cb5399515d,2024-02-23T22:20:37.591Z,2024-02-23T22:20:38.979Z,,,
2024-02-23,unknown,sv1,10,4,1,"{""11"": 1}",1.0,arn:aws:braket:us-west-2:835581428919:quantum-task/4748761e-aa7e-4a6e-b645-be8d5e50cd04,2024-02-23T22:04:30.908Z,2024-02-23T22:04:32.580Z,,,
2024-02-23,unknown,sv1,10,2,1,"{""01"": 1}",1.0,arn:aws:braket:us-west-2:835581428919:quantum-task/48359e29-9c74-4b33-ad65-b5cc9b82c803,2024-02-23T21:32:33.940Z,2024-02-23T21:32:35.210Z,,,
2024-02-23,unknown,sv1,10,6,1,"{""10"": 1}",1.0,arn:aws:braket:us-west-2:835581428919:quantum-task/542c891f-c88f-45dd-8aa2-beda22eeec68,2024-02-23T22:09:16.054Z,2024-02-23T22:09:17.452Z,,,
2024-02-23,unknown,sv1,01,3,1,"{""10"": 1}",1.0,arn:aws:braket:us-west-2:835581428919:quantum-task/54494310-60b0-4126-a787-65b3b74427c2,2024-02-23T22:04:12.762Z,2024-02-23T22:04:14.033Z,,,
2024-02-23,unknown,sv1,00,5,1,"{""00"": 1}",1.0,arn:aws:braket:us-west-2:835581428919:quantum-task/5821f70b-b529-479b-8865-0a7156f6287f,2024-02-23T21:32:09.826Z,2024-02-23T21:32:12.087Z,,,
2024-02-23,unknown,sv1,10,6,1,"{""10"": 1}",1.0,arn:aws:braket:us-west-2:835581428919:quantum-task/5ef0f3f0-f660-4883-bec0-a8fa651ff16b,2024-02-23T22:20:47.883Z,2024-02-23T22:20:49.142Z,,,
2024-02-23,unknown,sv1,01,2,1,"{""11"": 1}",1.0,arn:aws:braket:us-west-2:835581428919:quantum-task/6059d476-414f-44c0-954b-8434701a1730,2024-02-23T22:20:22.037Z,2024-02-23T22:20:23.251Z,,,
2024-02-23,unknown,sv1,00,1,1,"{""00"": 1}",1.0,arn:aws:braket:us-west-2:835581428919:quantum-task/62a1b25d-730c-4903-9619-65b16a359390,2024-02-23T22:08:29.275Z,2024-02-23T22:08:30.634Z,,,
2024-02-23,unknown,sv1,01,1,1,"{""01"": 1}",1.0,arn:aws:braket:us-west-2:835581428919:quantum-task/68552f5a-298f-46da-b9df-8facca717db5,2024-02-23T22:20:19.469Z,2024-02-23T22:20:20.744Z,,,
2024-02-23,unknown,sv1,11,3,1,"{""11"": 1}",1.0,arn:aws:braket:us-west-2:835581428919:quantum-task/6a6c9587-ee2a-4f2c-af6f-50cbacf7b628,2024-02-23T22:04:43.825Z,2024-02-23T22:04:45.562Z,,,
2024-02-23,unknown,sv1,00,2,1,"{""00"": 1}",1.0,arn:aws:braket:us-west-2:835581428919:quantum-task/6bf862de-a127-4dbb-9db4-14746aa81ae6,2024-02-23T22:20:05.228Z,2024-02-23T22:20:07.188Z,,,
2024-02-23,unknown,sv1,11,1,1,"{""10"": 1}",1.0,arn:aws:braket:us-west-2:835581428919:quantum-task/6c1f8c13-1fa0-42a3-8cd7-d5f4e38e84d6,2024-02-23T21:32:49.017Z,2024-02-23T21:32:50.381Z,,,
2024-02-23,unknown,sv1,00,4,1,"{""00"": 1}",1.0,arn:aws:braket:us-west-2:835581428919:quantum-task/6d7c4274-c5a8-4444-bd25-0638cd83a293,2024-02-23T22:03:58.477Z,2024-02-23T22:03:59.848Z,,,
2024-02-23,unknown,sv1,11,1,1,"{""10"": 1}",1.0,arn:aws:braket:us-west-2:835581428919:quantum-task/6ee54de3-a772-4b8e-9ee4-1d1daf859c74,2024-02-23T22:04:38.645Z,2024-02-23T22:04:39.763Z,,,
2024-02-23,unknown,sv1,01,5,1,"{""11"": 1}",1.0,arn:aws:braket:us-west-2:835581428919:quantum-task/8076789e-10c3-4595-9940-3b023984ed8e,2024-02-23T21:32:26.223Z,2024-02-23T21:32:28.035Z,,,
2024-02-23,unknown,sv1,01,3,1,"{""10"": 1}",1.0,arn:aws:braket:us-west-2:835581428919:quantum-task/82f1771c-5651-4170-bfd4-fac4c16f593b,2024-02-23T21:32:21.125Z,2024-02-23T21:32:22.553Z,,,
2024-02-23,unknown,sv1,00,5,1,"{""00"": 1}",1.0,arn:aws:braket:us-west-2:835581428919:quantum-task/83487df7-0e23-4f36-ad96-8fa361f3dcfa,2024-02-23T22:08:39.946Z,2024-02-23T22:08:41.443Z,,,
2024-02-23,unknown,sv1,11,5,1,"{""01"": 1}",1.0,arn:aws:braket:us-west-2:835581428919:quantum-task/83d15e37-568a-48b2-b716-b773c61446f1,2024-02-23T22:21:03.272Z,2024-02-23T22:21:04.943Z,,,
2024-02-23,unknown,sv1,00,4,1,"{""00"": 1}",1.0,arn:aws:braket:us-west-2:835581428919:quantum-task/865197f7-db42-4978-854d-a61d867c5632,2024-02-23T22:20:10.635Z,2024-02-23T22:20:12.002Z,,,
2024-02-23,unknown,sv1,00,1,1,"{""00"": 1}",1.0,arn:aws:braket:us-west-2:835581428919:quantum-task/8af0019f-d64c-4361-bff9-80c7bb255202,2024-02-23T22:03:50.430Z,2024-02-23T22:03:51.984Z,,,
2024-02-23,unknown,sv1,10,2,1,"{""01"": 1}",1.0,arn:aws:braket:us-west-2:835581428919:quantum-task/8bd92263-4556-4aa9-bba2-e2b611aad65e,2024-02-23T22:09:05.551Z,2024-02-23T22:09:07.050Z,,,
2024-02-23,unknown,sv1,10,1,1,"{""11"": 1}",1.0,arn:aws:braket:us-west-2:835581428919:quantum-task/8c27bdb0-0cb0-4175-b18c-0542e06b99a4,2024-02-23T22:20:34.997Z,2024-02-23T22:20:36.481Z,,,
2024-02-23,unknown,sv1,00,5,1,"{""00"": 1}",1.0,arn:aws:braket:us-west-2:835581428919:quantum-task/9933edf9-e24e-4f01-8d68-70011920e7aa,2024-02-23T22:04:01.088Z,2024-02-23T22:04:03.287Z,,,
2024-02-23,unknown,sv1,10,5,1,"{""10"": 1}",1.0,arn:aws:braket:us-west-2:835581428919:quantum-task/99644268-09dc-4d1d-bc3a-6e7a55c9550b,2024-02-23T22:09:13.373Z,2024-02-23T22:09:14.648Z,,,
2024-02-23,unknown,sv1,11,5,1,"{""01"": 1}",1.0,arn:aws:braket:us-west-2:835581428919:quantum-task/9a739f1f-cd9b-43fd-8c25-e1288eeb097d,2024-02-23T22:04:49.021Z,2024-02-23T22:04:50.328Z,,,
2024-02-23,unknown,sv1,10,1,1,"{""11"": 1}",1.0,arn:aws:braket:us-west-2:835581428919:quantum-task/9b34e557-d342-432b-9eb8-6484b0915d91,2024-02-23T22:09:02.945Z,2024-02-23T22:09:04.308Z,,,
2024-02-23,unknown,sv1,11,6,1,"{""11"": 1}",1.0,arn:aws:braket:us-west-2:835581428919:quantum-task/9fe09971-d223-4d8a-8823-3129e9b916da,2024-02-23T22:09:31.647Z,2024-02-23T22:09:33.330Z,,,
2024-02-23,unknown,sv1,11,5,1,"{""01"": 1}",1.0,arn:aws:braket:us-west-2:835581428919:quantum-task/a1f860a6-5352-41d1-8266-6eff9dae116f,2024-02-23T21:33:00.575Z,2024-02-23T21:33:01.966Z,,,
2024-02-23,unknown,sv1,01,6,1,"{""01"": 1}",1.0,arn:aws:braket:us-west-2:835581428919:quantum-task/a49c80b7-d4a8-404c-911d-ae7a25fd9100,2024-02-23T22:20:32.483Z,2024-02-23T22:20:33.645Z,,,
2024-02-23,unknown,sv1,10,5,1,"{""10"": 1}",1.0,arn:aws:braket:us-west-2:835581428919:quantum-task/a7145e10-dda1-4b13-9fe2-435136b86ed3,2024-02-23T22:20:45.314Z,2024-02-23T22:20:46.662Z,,,
2024-02-23,unknown,sv1,00,6,1,"{""00"": 1}",1.0,arn:aws:braket:us-west-2:835581428919:quantum-task/ab0db758-29d9-475b-ad39-9dd35aa11fd1,2024-02-23T22:20:15.799Z,2024-02-23T22:20:18.005Z,,,
2024-02-23,unknown,sv1,00,2,1,"{""00"": 1}",1.0,arn:aws:braket:us-west-2:835581428919:quantum-task/ada72b58-cb0b-4540-9e55-8ba7c79df0f4,2024-02-23T22:03:53.101Z,2024-02-23T22:03:54.687Z,,,
2024-02-23,unknown,sv1,01,6,1,"{""01"": 1}",1.0,arn:aws:braket:us-west-2:835581428919:quantum-task/aeb93554-5696-4029-b585-6ba44bac6b3d,2024-02-23T22:09:00.343Z,2024-02-23T22:09:01.921Z,,,
2024-02-23,unknown,sv1,00,1,1,"{""00"": 1}",1.0,arn:aws:braket:us-west-2:835581428919:quantum-task/b6e86b30-ef7a-48a3-8dbf-6dc064503d55,2024-02-23T22:20:01.339Z,2024-02-23T22:20:03.683Z,,,
2024-02-23,unknown,sv1,01,1,1,"{""01"": 1}",1.0,arn:aws:braket:us-west-2:835581428919:quantum-task/b71ebaf4-63ef-4187-8817-dc0f47eacd3e,2024-02-23T21:32:16.058Z,2024-02-23T21:32:17.335Z,,,
2024-02-23,unknown,sv1,10,5,1,"{""10"": 1}",1.0,arn:aws:braket:us-west-2:835581428919:quantum-task/b7a15c1c-27fe-4e7c-8e60-f1ed641c84b1,2024-02-23T22:04:33.488Z,2024-02-23T22:04:35.002Z,,,
2024-02-23,unknown,sv1,11,3,1,"{""11"": 1}",1.0,arn:aws:braket:us-west-2:835581428919:quantum-task/b9690653-c3b0-475a-a011-5df2bf25a1a1,2024-02-23T22:09:23.827Z,2024-02-23T22:09:25.240Z,,,
2024-02-23,unknown,sv1,01,1,1,"{""01"": 1}",1.0,arn:aws:braket:us-west-2:835581428919:quantum-task/b97cedd8-07ce-4fb5-a7dd-afe934e80181,2024-02-23T22:04:07.425Z,2024-02-23T22:04:09.360Z,,,
2024-02-23,unknown,sv1,10,1,1,"{""11"": 1}",1.0,arn:aws:braket:us-west-2:835581428919:quantum-task/bef394e1-529a-4e3d-a1da-2b67754b6b6f,2024-02-23T21:32:31.381Z,2024-02-23T21:32:32.753Z,,,
2024-02-23,unknown,sv1,01,2,1,"{""11"": 1}",1.0,arn:aws:braket:us-west-2:835581428919:quantum-task/c0a87267-72bc-4c56-ad09-9d3df0816976,2024-02-23T22:08:47.809Z,2024-02-23T22:08:49.288Z,,,
2024-02-23,unknown,sv1,01,4,1,"{""10"": 1}",1.0,arn:aws:braket:us-west-2:835581428919:quantum-task/c2560196-cb80-4065-9863-abe792c8b348,2024-02-23T21:32:23.643Z,2024-02-23T21:32:25.274Z,,,
2024-02-23,unknown,sv1,11,3,1,"{""11"": 1}",1.0,arn:aws:braket:us-west-2:835581428919:quantum-task/c7c0288b-a7df-4555-9cfe-b6f3e9e1e29f,2024-02-23T21:32:55.236Z,2024-02-23T21:32:56.849Z,,,
2024-02-23,unknown,sv1,11,2,1,"{""10"": 1}",1.0,arn:aws:braket:us-west-2:835581428919:quantum-task/c9ff0918-95b7-46cc-9405-37e7858860f6,2024-02-23T22:09:21.229Z,2024-02-23T22:09:22.462Z,,,
2024-02-23,unknown,sv1,10,3,1,"{""01"": 1}",1.0,arn:aws:braket:us-west-2:835581428919:quantum-task/cd55a370-5d9c-4735-aee0-67d6aba8b803,2024-02-23T21:32:36.484Z,2024-02-23T21:32:39.765Z,,,
2024-02-23,unknown,sv1,01,5,1,"{""11"": 1}",1.0,arn:aws:braket:us-west-2:835581428919:quantum-task/ceb4e3b1-3771-41c6-b2f5-0fbfcf81b0a5,2024-02-23T22:04:17.983Z,2024-02-23T22:04:19.428Z,,,
2024-02-23,unknown,sv1,01,5,1,"{""11"": 1}",1.0,arn:aws:braket:us-west-2:835581428919:quantum-task/d1eae83b-73ee-415d-8cdc-34ead74a7682,2024-02-23T22:20:29.955Z,2024-02-23T22:20:31.585Z,,,
2024-02-23,unknown,sv1,00,1,1,"{""00"": 1}",1.0,arn:aws:braket:us-west-2:835581428919:quantum-task/d22749f4-1268-4651-942b-890c16ab9354,2024-02-23T21:31:59.330Z,2024-02-23T21:32:01.056Z,,,
2024-02-23,unknown,sv1,10,5,1,"{""10"": 1}",1.0,arn:aws:braket:us-west-2:835581428919:quantum-task/d3d3c2d6-ff77-4ffd-aee8-0a2838c7afc9,2024-02-23T21:32:43.925Z,2024-02-23T21:32:45.490Z,,,
2024-02-23,unknown,sv1,11,6,1,"{""11"": 1}",1.0,arn:aws:braket:us-west-2:835581428919:quantum-task/dbbbb0b1-e53d-46da-b8f2-e568c29cea8a,2024-02-23T21:33:03.094Z,2024-02-23T21:33:04.502Z,,,
2024-02-23,unknown,sv1,00,3,1,"{""00"": 1}",1.0,arn:aws:braket:us-west-2:835581428919:quantum-task/e161702a-4438-4d9f-a9be-8a80ca86400f,2024-02-23T21:32:04.636Z,2024-02-23T21:32:06.196Z,,,
2024-02-23,unknown,sv1,01,6,1,"{""01"": 1}",1.0,arn:aws:braket:us-west-2:835581428919:quantum-task/e17c8891-49b9-477b-9150-d18f6c7f8000,2024-02-23T21:32:28.896Z,2024-02-23T21:32:30.449Z,,,
2024-02-23,unknown,sv1,00,5,1,"{""00"": 1}",1.0,arn:aws:braket:us-west-2:835581428919:quantum-task/e228bb74-ce38-4f86-8738-65e75bdc9c36,2024-02-23T22:20:13.207Z,2024-02-23T22:20:14.845Z,,,
2024-02-23,unknown,sv1,10,4,1,"{""11"": 1}",1.0,arn:aws:braket:us-west-2:835581428919:quantum-task/e54d8ecf-9e96-44ad-9903-5ba474c32c66,2024-02-23T22:20:42.744Z,2024-02-23T22:20:43.960Z,,,
2024-02-23,unknown,sv1,11,6,1,"{""11"": 1}",1.0,arn:aws:braket:us-west-2:835581428919:quantum-task/e58a7410-5724-41fe-b631-bcd5e53628e4,2024-02-23T22:04:51.641Z,2024-02-23T22:04:53.148Z,,,
2024-02-23,unknown,sv1,01,4,1,"{""10"": 1}",1.0,arn:aws:braket:us-west-2:835581428919:quantum-task/e862ad08-9bf4-46eb-a041-33f916076464,2024-02-23T22:04:15.403Z,2024-02-23T22:04:17.109Z,,,
2024-02-23,unknown,sv1,10,3,1,"{""01"": 1}",1.0,arn:aws:braket:us-west-2:835581428919:quantum-task/e93b3757-9e25-457a-b5e1-4e729b1071db,2024-02-23T22:04:28.331Z,2024-02-23T22:04:29.546Z,,,
2024-02-23,unknown,sv1,01,4,1,"{""10"": 1}",1.0,arn:aws:braket:us-west-2:835581428919:quantum-task/e99c4fc9-aa43-4e0b-b3cf-dce240a7f452,2024-02-23T22:08:55.131Z,2024-02-23T22:08:56.607Z,,,
2024-02-23,unknown,sv1,01,1,1,"{""01"": 1}",1.0,arn:aws:braket:us-west-2:835581428919:quantum-task/e99cd934-e191-499c-aa66-fbdca054ec56,2024-02-23T22:08:45.121Z,2024-02-23T22:08:47.204Z,,,
2024-02-23,unknown,sv1,10,1,1,"{""11"": 1}",1.0,arn:aws:braket:us-west-2:835581428919:quantum-task/f15afe51-cb2d-4c29-98c1-fea8891ec34d,2024-02-23T22:04:23.125Z,2024-02-23T22:04:24.307Z,,,
2024-02-23,unknown,sv1,11,2,1,"{""10"": 1}",1.0,arn:aws:braket:us-west-2:835581428919:quantum-task/f2b56563-76fd-4b37-9ba4-5f60c50d3a9c,2024-02-23T22:04:41.196Z,2024-02-23T22:04:43.006Z,,,
2024-02-23,unknown,sv1,00,2,1,"{""00"": 1}",1.0,arn:aws:braket:us-west-2:835581428919:quantum-task/f6221b3c-7de8-420e-9472-3f1dc1c2a3ac,2024-02-23T21:32:02.136Z,2024-02-23T21:32:03.589Z,,,
2024-02-23,unknown,sv1,00,3,1,"{""00"": 1}",1.0,arn:aws:braket:us-west-2:835581428919:quantum-task/f7b0aeaf-37af-4627-9a80-fb387a3f5e26,2024-02-23T22:08:34.819Z,2024-02-23T22:08:36.127Z,,,
2024-02-23,unknown,sv1,11,4,1,"{""01"": 1}",1.0,arn:aws:braket:us-west-2:835581428919:quantum-task/f8e0ecf8-4ddd-45c3-b9cf-17ffd64bf933,2024-02-23T22:04:46.422Z,2024-02-23T22:04:47.591Z,,,
2024-02-23,unknown,sv1,01,6,1,"{""01"": 1}",1.0,arn:aws:braket:us-west-2:835581428919:quantum-task/fcddd23a-4343-403b-8cfd-1ef33a6b26c8,2024-02-23T22:04:20.595Z,2024-02-23T22:04:21.824Z,,,
2024-02-23,unknown,sv1,10,3,1,"{""01"": 1}",1.0,arn:aws:braket:us-west-2:835581428919:quantum-task/fdcdf5ff-7f12-4778-9fcb-e93610dbbd46,2024-02-23T22:09:08.145Z,2024-02-23T22:09:09.387Z,,,
2024-02-23,unknown,sv1,11,2,1,"{""10"": 1}",1.0,arn:aws:braket:us-west-2:835581428919:quantum-task/fe61b8cd-a112-43bf-afea-2f76abe4b412,2024-02-23T22:20:53.170Z,2024-02-23T22:20:54.723Z,,,
2024-02-23,unknown,sv1,10,4,1,"{""11"": 1}",1.0,arn:aws:braket:us-west-2:835581428919:quantum-task/febe8fd5-1e6b-46a0-b855-210ce78a1f11,2024-02-23T22:09:10.733Z,2024-02-23T22:09:12.107Z,,,
2024-02-29,unknown,sv1,01,3,1,"{""10"": 1}",1.0,arn:aws:braket:us-west-2:835581428919:quantum-task/02d3c5d2-c967-454e-bd7c-9b6076959188,2024-02-29T04:11:37.391Z,2024-02-29T04:11:39.068Z,,,
2024-02-29,unknown,sv1,00,6,1,"{""00"": 1}",1.0,arn:aws:braket:us-west-2:835581428919:quantum-task/10fead65-7760-492c-acb4-0480606b72c9,2024-02-29T04:16:44.903Z,2024-02-29T04:16:46.051Z,,,
2024-02-29,unknown,sv1,00,1,1,"{""00"": 1}",1.0,arn:aws:braket:us-west-2:835581428919:quantum-task/1d8900bb-269e-45bf-b23b-3e9c2f6cce0b,2024-02-29T04:16:31.227Z,2024-02-29T04:16:32.773Z,,,
2024-02-29,unknown,sv1,11,6,1,"{""11"": 1}",1.0,arn:aws:braket:us-west-2:835581428919:quantum-task/212781a7-802f-481e-9b4a-711d0c4b9a31,2024-02-29T04:12:20.445Z,2024-02-29T04:12:22.249Z,,,
2024-02-29,unknown,sv1,01,6,1,"{""01"": 1}",1.0,arn:aws:braket:us-west-2:835581428919:quantum-task/230eacfc-a3b2-4bf6-a0f7-6049a5a8ae8a,2024-02-29T04:11:47.398Z,2024-02-29T04:11:48.605Z,,,
2024-02-29,unknown,sv1,00,6,1,"{""00"": 1}",1.0,arn:aws:braket:us-west-2:835581428919:quantum-task/250a8d7d-598c-4dd8-996b-477113af5f21,2024-02-29T04:11:28.529Z,2024-02-29T04:11:29.851Z,,,
2024-02-29,unknown,sv1,01,5,1,"{""11"": 1}",1.0,arn:aws:braket:us-west-2:835581428919:quantum-task/27005c87-899f-4f46-b077-2ce979ac81c8,2024-02-29T04:11:43.682Z,2024-02-29T04:11:46.706Z,,,
2024-02-29,unknown,sv1,11,1,1,"{""10"": 1}",1.0,arn:aws:braket:us-west-2:835581428919:quantum-task/30ed4e0f-6318-4271-a7fb-19fb6464db95,2024-02-29T04:17:19.431Z,2024-02-29T04:17:21.106Z,,,
2024-02-29,unknown,sv1,10,5,1,"{""10"": 1}",1.0,arn:aws:braket:us-west-2:835581428919:quantum-task/347cc53f-534d-4633-8957-3c5562e7decc,2024-02-29T04:17:14.278Z,2024-02-29T04:17:15.715Z,,,
2024-02-29,unknown,sv1,01,2,1,"{""11"": 1}",1.0,arn:aws:braket:us-west-2:835581428919:quantum-task/3ad87a39-f285-494d-8273-a47d70a14603,2024-02-29T04:11:34.834Z,2024-02-29T04:11:36.186Z,,,
2024-02-29,unknown,sv1,01,4,1,"{""10"": 1}",1.0,arn:aws:braket:us-west-2:835581428919:quantum-task/40fce38e-b148-448e-8924-0c7674013b9b,2024-02-29T04:11:39.996Z,2024-02-29T04:11:42.626Z,,,
2024-02-29,unknown,sv1,10,3,1,"{""01"": 1}",1.0,arn:aws:braket:us-west-2:835581428919:quantum-task/41f29696-26b8-4b6f-be1a-eb7f10a8243c,2024-02-29T04:17:07.992Z,2024-02-29T04:17:09.589Z,,,
2024-02-29,unknown,sv1,01,6,1,"{""01"": 1}",1.0,arn:aws:braket:us-west-2:835581428919:quantum-task/44dff3c1-b8b1-47d7-acb3-69d1beafcf55,2024-02-29T04:17:00.279Z,2024-02-29T04:17:01.591Z,,,
2024-02-29,unknown,sv1,00,2,1,"{""00"": 1}",1.0,arn:aws:braket:us-west-2:835581428919:quantum-task/4a97589a-1ed0-43db-b8b7-c35aec69e878,2024-02-29T04:11:18.196Z,2024-02-29T04:11:19.968Z,,,
2024-02-29,unknown,sv1,01,3,1,"{""10"": 1}",1.0,arn:aws:braket:us-west-2:835581428919:quantum-task/4cb1e32f-f2f7-433f-9629-bc2b27f3632c,2024-02-29T04:16:52.630Z,2024-02-29T04:16:54.227Z,,,
2024-02-29,unknown,sv1,11,4,1,"{""01"": 1}",1.0,arn:aws:braket:us-west-2:835581428919:quantum-task/5586bcc5-7897-45c8-931d-a7cfffb3b389,2024-02-29T04:12:14.178Z,2024-02-29T04:12:15.400Z,,,
2024-02-29,unknown,sv1,00,4,1,"{""00"": 1}",1.0,arn:aws:braket:us-west-2:835581428919:quantum-task/802b3cc1-b606-4984-98f7-513cc2894dd4,2024-02-29T04:16:39.645Z,2024-02-29T04:16:41.207Z,,,
2024-02-29,unknown,sv1,10,6,1,"{""10"": 1}",1.0,arn:aws:braket:us-west-2:835581428919:quantum-task/83d45e78-1026-4fd2-9c86-ae1b939c17ba,2024-02-29T04:12:02.834Z,2024-02-29T04:12:04.315Z,,,
2024-02-29,unknown,sv1,00,5,1,"{""00"": 1}",1.0,arn:aws:braket:us-west-2:835581428919:quantum-task/83d6e476-9c6f-40a8-acb9-1625bba1b343,2024-02-29T04:11:25.916Z,2024-02-29T04:11:27.671Z,,,
2024-02-29,unknown,sv1,01,4,1,"{""10"": 1}",1.0,arn:aws:braket:us-west-2:835581428919:quantum-task/85002b7d-20b0-4126-b3aa-bfbbcd229e89,2024-02-29T04:16:55.195Z,2024-02-29T04:16:56.668Z,,,
2024-02-29,unknown,sv1,10,1,1,"{""11"": 1}",1.0,arn:aws:braket:us-west-2:835581428919:quantum-task/858581c4-8788-4386-818d-e6235d15fc7b,2024-02-29T04:11:49.931Z,2024-02-29T04:11:51.169Z,,,
2024-02-29,unknown,sv1,10,4,1,"{""11"": 1}",1.0,arn:aws:braket:us-west-2:835581428919:quantum-task/8a319e63-a614-427e-8fed-8fe8031faafb,2024-02-29T04:17:10.534Z,2024-02-29T04:17:12.892Z,,,
2024-02-29,unknown,sv1,10,6,1,"{""10"": 1}",1.0,arn:aws:braket:us-west-2:835581428919:quantum-task/924cf649-824a-4d74-89fd-a1ecb8b08656,2024-02-29T04:17:16.854Z,2024-02-29T04:17:18.083Z,,,
2024-02-29,unknown,sv1,00,2,1,"{""00"": 1}",1.0,arn:aws:braket:us-west-2:835581428919:quantum-task/95728cd1-6b34-4643-ae1a-8ddb09099379,2024-02-29T04:16:34.122Z,2024-02-29T04:16:35.701Z,,,
2024-02-29,unknown,sv1,11,3,1,"{""11"": 1}",1.0,arn:aws:braket:us-west-2:835581428919:quantum-task/9d6cf7b0-e084-4635-8d6c-604db012bba1,2024-02-29T04:17:24.544Z,2024-02-29T04:17:25.786Z,,,
2024-02-29,unknown,sv1,11,6,1,"{""11"": 1}",1.0,arn:aws:braket:us-west-2:835581428919:quantum-task/a02d8e7a-f96b-4dfb-8f51-f2c9443e7d34,2024-02-29T04:17:32.255Z,2024-02-29T04:17:33.551Z,,,
2024-02-29,unknown,sv1,01,1,1,"{""01"": 1}",1.0,arn:aws:braket:us-west-2:835581428919:quantum-task/a8b6af65-9553-45d6-b979-98ba1620ba5b,2024-02-29T04:16:47.438Z,2024-02-29T04:16:48.667Z,,,
2024-02-29,unknown,sv1,00,4,1,"{""00"": 1}",1.0,arn:aws:braket:us-west-2:835581428919:quantum-task/a964102f-e524-42ef-9fbd-58927d4fc82b,2024-02-29T04:11:23.358Z,2024-02-29T04:11:24.808Z,,,
2024-02-29,unknown,sv1,10,5,1,"{""10"": 1}",1.0,arn:aws:braket:us-west-2:835581428919:quantum-task/a98237d7-5195-4438-94ad-b494686951d9,2024-02-29T04:12:00.248Z,2024-02-29T04:12:01.532Z,,,
2024-02-29,unknown,sv1,01,1,1,"{""01"": 1}",1.0,arn:aws:braket:us-west-2:835581428919:quantum-task/ae4c3733-a3aa-4211-ae26-6cc4455e96cb,2024-02-29T04:11:31.094Z,2024-02-29T04:11:34.014Z,,,
2024-02-29,unknown,sv1,10,2,1,"{""01"": 1}",1.0,arn:aws:braket:us-west-2:835581428919:quantum-task/aee2085b-fb93-43ff-b077-80ddca91faad,2024-02-29T04:17:05.389Z,2024-02-29T04:17:06.687Z,,,
2024-02-29,unknown,sv1,11,2,1,"{""10"": 1}",1.0,arn:aws:braket:us-west-2:835581428919:quantum-task/b0631dfa-49df-475b-9e80-0a38535d28f6,2024-02-29T04:17:22.020Z,2024-02-29T04:17:23.371Z,,,
2024-02-29,unknown,sv1,11,5,1,"{""01"": 1}",1.0,arn:aws:braket:us-west-2:835581428919:quantum-task/b4c8de70-2f33-44b7-8830-16d0cf8286ca,2024-02-29T04:17:29.644Z,2024-02-29T04:17:30.977Z,,,
2024-02-29,unknown,sv1,11,4,1,"{""01"": 1}",1.0,arn:aws:braket:us-west-2:835581428919:quantum-task/b4fe45ea-2b3e-4dd9-8627-125c113fd179,2024-02-29T04:17:27.089Z,2024-02-29T04:17:28.588Z,,,
2024-02-29,unknown,sv1,11,2,1,"{""10"": 1}",1.0,arn:aws:braket:us-west-2:835581428919:quantum-task/b6014023-70de-4602-929a-40a0ce0291fd,2024-02-29T04:12:07.878Z,2024-02-29T04:12:09.441Z,,,
2024-02-29,unknown,sv1,00,3,1,"{""00"": 1}",1.0,arn:aws:braket:us-west-2:835581428919:quantum-task/b932f65a-030b-414d-9fd8-0c2eead55a14,2024-02-29T04:11:20.798Z,2024-02-29T04:11:22.466Z,,,
2024-02-29,unknown,sv1,10,1,1,"{""11"": 1}",1.0,arn:aws:braket:us-west-2:835581428919:quantum-task/c1f2b844-a9ab-4f2e-bd59-3e9d447eb176,2024-02-29T04:17:02.825Z,2024-02-29T04:17:04.234Z,,,
2024-02-29,unknown,sv1,10,2,1,"{""01"": 1}",1.0,arn:aws:braket:us-west-2:835581428919:quantum-task/c5ece1ae-63bf-401e-84ba-e1a82343f618,2024-02-29T04:11:52.477Z,2024-02-29T04:11:53.689Z,,,
2024-02-29,unknown,sv1,10,3,1,"{""01"": 1}",1.0,arn:aws:braket:us-west-2:835581428919:quantum-task/ccbc4423-b206-4977-bab7-a0c65c7ffd2a,2024-02-29T04:11:55.084Z,2024-02-29T04:11:56.730Z,,,
2024-02-29,unknown,sv1,11,1,1,"{""10"": 1}",1.0,arn:aws:braket:us-west-2:835581428919:quantum-task/cf80c295-9a85-476f-842d-0b0ce5482b0d,2024-02-29T04:12:05.391Z,2024-02-29T04:12:06.677Z,,,
2024-02-29,unknown,sv1,00,3,1,"{""00"": 1}",1.0,arn:aws:braket:us-west-2:835581428919:quantum-task/d44945aa-b270-49ab-b648-d2263b5f8369,2024-02-29T04:16:36.669Z,2024-02-29T04:16:38.442Z,,,
2024-02-29,unknown,sv1,10,4,1,"{""11"": 1}",1.0,arn:aws:braket:us-west-2:835581428919:quantum-task/dc81f555-a73a-4775-96f5-774040e358d1,2024-02-29T04:11:57.697Z,2024-02-29T04:11:59.265Z,,,
2024-02-29,unknown,sv1,00,5,1,"{""00"": 1}",1.0,arn:aws:braket:us-west-2:835581428919:quantum-task/dcb0690b-abee-4d36-90ff-1ec4392478b6,2024-02-29T04:16:42.293Z,2024-02-29T04:16:43.897Z,,,
2024-02-29,unknown,sv1,01,2,1,"{""11"": 1}",1.0,arn:aws:braket:us-west-2:835581428919:quantum-task/e25d2223-c7f6-459d-8f5d-71bda0b0e0e2,2024-02-29T04:16:50.011Z,2024-02-29T04:16:51.650Z,,,
2024-02-29,unknown,sv1,11,5,1,"{""01"": 1}",1.0,arn:aws:braket:us-west-2:835581428919:quantum-task/f034c8f4-5cb8-4ebb-b053-53d4d9f53e20,2024-02-29T04:12:16.807Z,2024-02-29T04:12:19.601Z,,,
2024-02-29,unknown,sv1,11,3,1,"{""11"": 1}",1.0,arn:aws:braket:us-west-2:835581428919:quantum-task/f42e72d9-52c0-4007-b759-1ee1393c3250,2024-02-29T04:12:10.500Z,2024-02-29T04:12:13.274Z,,,
2024-02-29,unknown,sv1,01,5,1,"{""11"": 1}",1.0,arn:aws:braket:us-west-2:835581428919:quantum-task/fbdc5103-6b20-402d-a81a-9400e541ee1e,2024-02-29T04:16:57.734Z,2024-02-29T04:16:59.310Z,,,
2024-02-29,unknown,sv1,00,1,1,"{""00"": 1}",1.0,arn:aws:braket:us-west-2:835581428919:quantum-task/fc4c6502-cfc0-48c8-a519-a710ab7091af,2024-02-29T04:11:15.471Z,2024-02-29T04:11:16.931Z,,,
2024-03-01,unknown,sv1,10,2,1,"{""01"": 1}",1.0,arn:aws:braket:us-west-2:835581428919:quantum-task/02afe71e-6661-4347-8739-0705ea9765da,2024-03-01T20:31:54.973Z,2024-03-01T20:31:56.231Z,,,
2024-03-01,unknown,sv1,00,5,1,"{""00"": 1}",1.0,arn:aws:braket:us-west-2:835581428919:quantum-task/066be78e-a391-463d-9704-77c4022ec163,2024-03-01T20:31:28.520Z,2024-03-01T20:31:29.679Z,,,
2024-03-01,unknown,sv1,11,2,1,"{""10"": 1}",1.0,arn:aws:braket:us-west-2:835581428919:quantum-task/0ba5330c-108a-4fb6-aba1-39f9cde29832,2024-03-01T21:02:51.163Z,2024-03-01T21:02:53.691Z,,,
2024-03-01,unknown,sv1,01,6,1,"{""01"": 1}",1.0,arn:aws:braket:us-west-2:835581428919:quantum-task/0c2e863f-8b2f-446f-b482-b72770f482cd,2024-03-01T21:02:30.654Z,2024-03-01T21:02:32.149Z,,,
2024-03-01,unknown,sv1,11,4,1,"{""01"": 1}",1.0,arn:aws:braket:us-west-2:835581428919:quantum-task/10e3ab07-63ed-4413-bce7-b4e9d4123d4e,2024-03-01T21:02:57.308Z,2024-03-01T21:02:58.544Z,,,
2024-03-01,unknown,sv1,01,3,1,"{""10"": 1}",1.0,arn:aws:braket:us-west-2:835581428919:quantum-task/13fb2135-4a3e-4649-bf1e-95c1ea635ee0,2024-03-01T21:02:21.787Z,2024-03-01T21:02:23.229Z,,,
2024-03-01,unknown,sv1,00,5,1,"{""00"": 1}",1.0,arn:aws:braket:us-west-2:835581428919:quantum-task/14050f5e-0aa4-4ec3-ae40-38ba2098788f,2024-03-01T21:02:11.338Z,2024-03-01T21:02:12.603Z,,,
2024-03-01,unknown,sv1,01,3,1,"{""10"": 1}",1.0,arn:aws:braket:us-west-2:835581428919:quantum-task/143938f7-7b37-40de-8c7d-77e57efdcea0,2024-03-01T20:31:40.675Z,2024-03-01T20:31:41.725Z,,,
2024-03-01,unknown,sv1,10,2,1,"{""01"": 1}",1.0,arn:aws:braket:us-west-2:835581428919:quantum-task/17f7c562-31f8-4bb1-bda6-efe3b7cf392f,2024-03-01T21:02:35.779Z,2024-03-01T21:02:37.186Z,,,
2024-03-01,unknown,sv1,10,4,1,"{""11"": 1}",1.0,arn:aws:braket:us-west-2:835581428919:quantum-task/18e57d8c-5dac-4967-9f36-6d607d899c63,2024-03-01T20:32:00.158Z,2024-03-01T20:32:03.120Z,,,
2024-03-01,unknown,sv1,01,4,1,"{""10"": 1}",1.0,arn:aws:braket:us-west-2:835581428919:quantum-task/1b52cac8-7920-4a9f-a1a6-e7caa23a7fec,2024-03-01T21:02:24.352Z,2024-03-01T21:02:27.273Z,,,
2024-03-01,unknown,sv1,01,1,1,"{""01"": 1}",1.0,arn:aws:braket:us-west-2:835581428919:quantum-task/1c2785de-062f-4b81-b510-3aca9e893ff5,2024-03-01T20:31:34.143Z,2024-03-01T20:31:36.324Z,,,
2024-03-01,unknown,sv1,01,2,1,"{""11"": 1}",1.0,arn:aws:braket:us-west-2:835581428919:quantum-task/2523f81b-a654-48f8-bf2a-8967311f1361,2024-03-01T20:31:37.769Z,2024-03-01T20:31:39.188Z,,,
2024-03-01,unknown,sv1,00,3,1,"{""00"": 1}",1.0,arn:aws:braket:us-west-2:835581428919:quantum-task/2b1d0bf6-7e2b-49e0-adb4-6184281c7d05,2024-03-01T21:02:06.247Z,2024-03-01T21:02:07.771Z,,,
2024-03-01,unknown,sv1,11,6,1,"{""11"": 1}",1.0,arn:aws:braket:us-west-2:835581428919:quantum-task/36a39d24-b4ca-4bbf-bc94-edb81d465ce6,2024-03-01T21:03:02.488Z,2024-03-01T21:03:04.126Z,,,
2024-03-01,unknown,sv1,01,2,1,"{""11"": 1}",1.0,arn:aws:braket:us-west-2:835581428919:quantum-task/3a15821a-d07e-442a-872b-40a48ddfd772,2024-03-01T21:02:19.123Z,2024-03-01T21:02:20.578Z,,,
2024-03-01,unknown,sv1,10,6,1,"{""10"": 1}",1.0,arn:aws:braket:us-west-2:835581428919:quantum-task/3e0c7043-c233-41b4-83b3-69ac2bb3ca74,2024-03-01T20:32:06.651Z,2024-03-01T20:32:08.222Z,,,
2024-03-01,unknown,sv1,00,2,1,"{""00"": 1}",1.0,arn:aws:braket:us-west-2:835581428919:quantum-task/3ff47555-f38f-4865-99e4-e4aff893fdec,2024-03-01T20:31:21.766Z,2024-03-01T20:31:22.803Z,,,
2024-03-01,unknown,sv1,00,4,1,"{""00"": 1}",1.0,arn:aws:braket:us-west-2:835581428919:quantum-task/5579fa95-dd7a-429e-826b-455f9c19599c,2024-03-01T21:02:08.801Z,2024-03-01T21:02:10.569Z,,,
2024-03-01,unknown,sv1,10,3,1,"{""01"": 1}",1.0,arn:aws:braket:us-west-2:835581428919:quantum-task/5749446c-5362-403d-8121-80b70197bfe3,2024-03-01T21:02:38.339Z,2024-03-01T21:02:39.811Z,,,
2024-03-01,unknown,sv1,00,2,1,"{""00"": 1}",1.0,arn:aws:braket:us-west-2:835581428919:quantum-task/5dfb326c-fa14-49dd-b461-758b5a8148a0,2024-03-01T21:02:03.733Z,2024-03-01T21:02:05.212Z,,,
2024-03-01,unknown,sv1,10,5,1,"{""10"": 1}",1.0,arn:aws:braket:us-west-2:835581428919:quantum-task/605872bf-0ae9-44f9-9e63-78228b6fd2b9,2024-03-01T21:02:43.463Z,2024-03-01T21:02:44.874Z,,,
2024-03-01,unknown,sv1,11,4,1,"{""01"": 1}",1.0,arn:aws:braket:us-west-2:835581428919:quantum-task/6421676a-4036-478f-a571-91399a763104,2024-03-01T20:32:16.916Z,2024-03-01T20:32:20.379Z,,,
2024-03-01,unknown,sv1,00,6,1,"{""00"": 1}",1.0,arn:aws:braket:us-west-2:835581428919:quantum-task/6718b242-4513-484d-8490-ca499f73ca03,2024-03-01T20:31:31.305Z,2024-03-01T20:31:32.417Z,,,
2024-03-01,unknown,sv1,01,1,1,"{""01"": 1}",1.0,arn:aws:braket:us-west-2:835581428919:quantum-task/67fa1e82-c624-46dc-8edc-41395932323e,2024-03-01T21:02:16.432Z,2024-03-01T21:02:18.284Z,,,
2024-03-01,unknown,sv1,11,2,1,"{""10"": 1}",1.0,arn:aws:braket:us-west-2:835581428919:quantum-task/6807c9f0-213f-41cc-b32c-1d4331efde58,2024-03-01T20:32:11.793Z,2024-03-01T20:32:13.262Z,,,
2024-03-01,unknown,sv1,11,3,1,"{""11"": 1}",1.0,arn:aws:braket:us-west-2:835581428919:quantum-task/7080d6c5-ff9e-4a7f-bfe8-12d0e3cfb1d0,2024-03-01T20:32:14.342Z,2024-03-01T20:32:15.772Z,,,
2024-03-01,unknown,sv1,11,5,1,"{""01"": 1}",1.0,arn:aws:braket:us-west-2:835581428919:quantum-task/786bc700-ea76-4d64-9041-aaf0284a6d61,2024-03-01T20:32:21.656Z,2024-03-01T20:32:22.867Z,,,
2024-03-01,unknown,sv1,10,6,1,"{""10"": 1}",1.0,arn:aws:braket:us-west-2:835581428919:quantum-task/7a7af912-48e1-4220-b215-9e8536d8dbf4,2024-03-01T21:02:46.013Z,2024-03-01T21:02:47.445Z,,,
2024-03-01,unknown,sv1,00,4,1,"{""00"": 1}",1.0,arn:aws:braket:us-west-2:835581428919:quantum-task/87254f2b-ba15-4bfb-a4b4-f753bf6751b1,2024-03-01T20:31:25.977Z,2024-03-01T20:31:27.136Z,,,
2024-03-01,unknown,sv1,10,5,1,"{""10"": 1}",1.0,arn:aws:braket:us-west-2:835581428919:quantum-task/8c6fc418-4e56-47ef-ab98-e797d7815e60,2024-03-01T20:32:03.931Z,2024-03-01T20:32:05.366Z,,,
2024-03-01,unknown,sv1,01,5,1,"{""11"": 1}",1.0,arn:aws:braket:us-west-2:835581428919:quantum-task/8ee0f02a-9b91-4b76-baaf-25fb1e9d6c6d,2024-03-01T21:02:28.146Z,2024-03-01T21:02:29.611Z,,,
2024-03-01,unknown,sv1,11,6,1,"{""11"": 1}",1.0,arn:aws:braket:us-west-2:835581428919:quantum-task/9b8f5916-3bf4-4d35-9f01-d54fd66db0d3,2024-03-01T20:32:24.233Z,2024-03-01T20:32:27.379Z,,,
2024-03-01,unknown,sv1,10,3,1,"{""01"": 1}",1.0,arn:aws:braket:us-west-2:835581428919:quantum-task/9bde79b3-1d05-45a6-ba30-9381a60d98b0,2024-03-01T20:31:57.558Z,2024-03-01T20:31:58.595Z,,,
2024-03-01,unknown,sv1,11,5,1,"{""01"": 1}",1.0,arn:aws:braket:us-west-2:835581428919:quantum-task/9caa3215-f2f6-41e4-9dc2-74352532e64b,2024-03-01T21:02:59.867Z,2024-03-01T21:03:01.043Z,,,
2024-03-01,unknown,sv1,00,1,1,"{""00"": 1}",1.0,arn:aws:braket:us-west-2:835581428919:quantum-task/b05fc363-364e-4834-9118-bf35f084a911,2024-03-01T21:02:00.022Z,2024-03-01T21:02:03.133Z,,,
2024-03-01,unknown,sv1,11,3,1,"{""11"": 1}",1.0,arn:aws:braket:us-west-2:835581428919:quantum-task/bb75cd24-ed0d-49b4-aadd-c424a0d3a7bd,2024-03-01T21:02:54.789Z,2024-03-01T21:02:55.901Z,,,
2024-03-01,unknown,sv1,11,1,1,"{""10"": 1}",1.0,arn:aws:braket:us-west-2:835581428919:quantum-task/be75ee6f-811d-48da-9dd4-68690132c79b,2024-03-01T21:02:48.541Z,2024-03-01T21:02:50.567Z,,,
2024-03-01,unknown,sv1,01,4,1,"{""10"": 1}",1.0,arn:aws:braket:us-west-2:835581428919:quantum-task/c116263a-4ca7-436c-b606-3feecbd39402,2024-03-01T20:31:43.259Z,2024-03-01T20:31:44.743Z,,,
2024-03-01,unknown,sv1,01,6,1,"{""01"": 1}",1.0,arn:aws:braket:us-west-2:835581428919:quantum-task/c1540195-2e31-4f59-b2c9-4889dd39ca24,2024-03-01T20:31:48.593Z,2024-03-01T20:31:49.819Z,,,
2024-03-01,unknown,sv1,10,1,1,"{""11"": 1}",1.0,arn:aws:braket:us-west-2:835581428919:quantum-task/c41e4e2f-42ff-470c-85dd-4d6c7781d915,2024-03-01T20:31:51.370Z,2024-03-01T20:31:53.667Z,,,
2024-03-01,unknown,sv1,11,1,1,"{""10"": 1}",1.0,arn:aws:braket:us-west-2:835581428919:quantum-task/c6bfd8d0-76b1-4560-852d-81412a838881,2024-03-01T20:32:09.261Z,2024-03-01T20:32:10.785Z,,,
2024-03-01,unknown,sv1,00,3,1,"{""00"": 1}",1.0,arn:aws:braket:us-west-2:835581428919:quantum-task/dba39c1b-b205-42d1-b37b-6a6e85465ac9,2024-03-01T20:31:23.357Z,2024-03-01T20:31:24.701Z,,,
2024-03-01,unknown,sv1,00,6,1,"{""00"": 1}",1.0,arn:aws:braket:us-west-2:835581428919:quantum-task/e494cc63-dcb3-4696-b662-837a0d820098,2024-03-01T21:02:13.814Z,2024-03-01T21:02:15.489Z,,,
2024-03-01,unknown,sv1,01,5,1,"{""11"": 1}",1.0,arn:aws:braket:us-west-2:835581428919:quantum-task/e9d452b2-d64a-4aa4-9e3d-ef5de78827f6,2024-03-01T20:31:45.845Z,2024-03-01T20:31:47.285Z,,,
2024-03-01,unknown,sv1,10,4,1,"{""11"": 1}",1.0,arn:aws:braket:us-west-2:835581428919:quantum-task/ee5dca9f-b486-4439-aaf1-9c6c4e555420,2024-03-01T21:02:40.848Z,2024-03-01T21:02:42.527Z,,,
2024-03-01,unknown,sv1,10,1,1,"{""11"": 1}",1.0,arn:aws:braket:us-west-2:835581428919:quantum-task/f2048387-dd21-4d61-967c-0723a4f2d374,2024-03-01T21:02:33.195Z,2024-03-01T21:02:34.604Z,,,
2024-03-01,unknown,sv1,00,1,1,"{""00"": 1}",1.0,arn:aws:braket:us-west-2:835581428919:quantum-task/feafb5b3-9842-466c-9662-b619fee97c88,2024-03-01T20:31:18.835Z,2024-03-01T20:31:20.392Z,,,
2024-03-08,unknown,sv1,00,1,1,"{""00"": 1}",1.0,arn:aws:braket:us-west-2:835581428919:quantum-task/00ac30e7-796c-4bb2-aa2d-8f3cb624ba8f,2024-03-08T23:21:13.940Z,2024-03-08T23:21:15.187Z,,,
2024-03-08,unknown,sv1,01,3,1,"{""10"": 1}",1.0,arn:aws:braket:us-west-2:835581428919:quantum-task/0128ebfe-ef86-4797-b217-15e5f7441be4,2024-03-08T23:21:35.243Z,2024-03-08T23:21:36.629Z,,,
2024-03-08,unknown,sv1,01,1,1,"{""01"": 1}",1.0,arn:aws:braket:us-west-2:835581428919:quantum-task/0a9dcec0-a821-418e-ab56-3bd33469a2ca,2024-03-08T20:18:39.646Z,2024-03-08T20:18:41.302Z,,,
2024-03-08,unknown,sv1,10,4,1,"{""11"": 1}",1.0,arn:aws:braket:us-west-2:835581428919:quantum-task/17a2eb74-a36f-4b61-8431-e5b29db0b68f,2024-03-08T23:21:53.507Z,2024-03-08T23:21:54.855Z,,,
2024-03-08,unknown,sv1,11,1,1,"{""10"": 1}",1.0,arn:aws:braket:us-west-2:835581428919:quantum-task/18cdc9ed-e630-4a0d-b563-74258ebc6f9a,2024-03-08T23:22:01.491Z,2024-03-08T23:22:02.964Z,,,
2024-03-08,unknown,sv1,10,3,1,"{""01"": 1}",1.0,arn:aws:braket:us-west-2:835581428919:quantum-task/1bc3dd35-980a-46a5-a46f-313bfd4dcbfd,2024-03-08T20:19:00.578Z,2024-03-08T20:19:02.488Z,,,
2024-03-08,unknown,sv1,00,3,1,"{""00"": 1}",1.0,arn:aws:braket:us-west-2:835581428919:quantum-task/22e07176-2657-4d14-9db3-6e067a556ac5,2024-03-08T20:18:27.696Z,2024-03-08T20:18:30.502Z,,,
2024-03-08,unknown,sv1,11,4,1,"{""01"": 1}",1.0,arn:aws:braket:us-west-2:835581428919:quantum-task/27e85d50-3bf1-4d07-8584-2f88625c845d,2024-03-08T23:22:09.203Z,2024-03-08T23:22:10.684Z,,,
2024-03-08,unknown,sv1,00,6,1,"{""00"": 1}",1.0,arn:aws:braket:us-west-2:835581428919:quantum-task/32bc5f0b-cda4-44e3-acbd-b5330e11cadc,2024-03-08T20:18:36.739Z,2024-03-08T20:18:38.213Z,,,
2024-03-08,unknown,sv1,10,2,1,"{""01"": 1}",1.0,arn:aws:braket:us-west-2:835581428919:quantum-task/3387b34e-3492-42ef-8302-62d23236a8d9,2024-03-08T23:21:48.349Z,2024-03-08T23:21:49.749Z,,,
2024-03-08,unknown,sv1,01,5,1,"{""11"": 1}",1.0,arn:aws:braket:us-west-2:835581428919:quantum-task/3732a11f-0618-4b0b-a40a-3d2b79142b5f,2024-03-08T23:21:40.557Z,2024-03-08T23:21:42.086Z,,,
2024-03-08,unknown,sv1,01,5,1,"{""11"": 1}",1.0,arn:aws:braket:us-west-2:835581428919:quantum-task/37f02716-29ef-4970-b490-2b3848cf9987,2024-03-08T20:18:50.142Z,2024-03-08T20:18:51.900Z,,,
2024-03-08,unknown,sv1,00,1,1,"{""00"": 1}",1.0,arn:aws:braket:us-west-2:835581428919:quantum-task/4671344a-c3ca-4bfd-ba15-eede97fbe135,2024-03-08T20:18:22.198Z,2024-03-08T20:18:23.982Z,,,
2024-03-08,unknown,sv1,00,5,1,"{""00"": 1}",1.0,arn:aws:braket:us-west-2:835581428919:quantum-task/4bb1ff96-1f16-40a0-8618-e3f435a5b5f7,2024-03-08T20:18:34.049Z,2024-03-08T20:18:35.466Z,,,
2024-03-08,unknown,sv1,11,2,1,"{""10"": 1}",1.0,arn:aws:braket:us-west-2:835581428919:quantum-task/4fb44da2-26e9-465e-b901-92a180d793ee,2024-03-08T23:22:04.083Z,2024-03-08T23:22:05.165Z,,,
2024-03-08,unknown,sv1,10,3,1,"{""01"": 1}",1.0,arn:aws:braket:us-west-2:835581428919:quantum-task/5fe4eeb4-71e2-4da8-b843-a77c11b924a5,2024-03-08T23:21:50.887Z,2024-03-08T23:21:52.151Z,,,
2024-03-08,unknown,sv1,11,1,1,"{""10"": 1}",1.0,arn:aws:braket:us-west-2:835581428919:quantum-task/6188d61b-bc2e-433b-9af5-4e12675c82fa,2024-03-08T20:19:11.092Z,2024-03-08T20:19:12.617Z,,,
2024-03-08,unknown,sv1,11,4,1,"{""01"": 1}",1.0,arn:aws:braket:us-west-2:835581428919:quantum-task/6343de48-5493-49b7-b0da-86e4d527e421,2024-03-08T20:19:18.855Z,2024-03-08T20:19:20.281Z,,,
2024-03-08,unknown,sv1,00,5,1,"{""00"": 1}",1.0,arn:aws:braket:us-west-2:835581428919:quantum-task/6a0bcbe3-7f5f-469c-b65b-a3eff3d96c41,2024-03-08T23:21:24.366Z,2024-03-08T23:21:25.950Z,,,
2024-03-08,unknown,sv1,10,6,1,"{""10"": 1}",1.0,arn:aws:braket:us-west-2:835581428919:quantum-task/71719ccd-c243-4480-b1f9-fb4b602ec455,2024-03-08T20:19:08.488Z,2024-03-08T20:19:09.855Z,,,
2024-03-08,unknown,sv1,00,3,1,"{""00"": 1}",1.0,arn:aws:braket:us-west-2:835581428919:quantum-task/7b2860ea-bfdd-4a4d-bac0-0886f41b3e9f,2024-03-08T23:21:19.165Z,2024-03-08T23:21:20.645Z,,,
2024-03-08,unknown,sv1,10,4,1,"{""11"": 1}",1.0,arn:aws:braket:us-west-2:835581428919:quantum-task/8809056f-35fa-46a9-8ff8-72c7edc8290c,2024-03-08T20:19:03.290Z,2024-03-08T20:19:04.862Z,,,
2024-03-08,unknown,sv1,10,1,1,"{""11"": 1}",1.0,arn:aws:braket:us-west-2:835581428919:quantum-task/8c255cbc-1105-40ca-93b8-3c20c589720b,2024-03-08T20:18:55.431Z,2024-03-08T20:18:56.967Z,,,
2024-03-08,unknown,sv1,01,6,1,"{""01"": 1}",1.0,arn:aws:braket:us-west-2:835581428919:quantum-task/8eaa694c-8fac-450a-bf2a-681556b4232a,2024-03-08T23:21:43.156Z,2024-03-08T23:21:44.716Z,,,
2024-03-08,unknown,sv1,11,6,1,"{""11"": 1}",1.0,arn:aws:braket:us-west-2:835581428919:quantum-task/92c69e68-1d7b-433a-bc37-2440521d2abc,2024-03-08T23:22:14.376Z,2024-03-08T23:22:15.611Z,,,
2024-03-08,unknown,sv1,01,3,1,"{""10"": 1}",1.0,arn:aws:braket:us-west-2:835581428919:quantum-task/930f4c31-eb6f-4938-8fe3-ed033b4b2659,2024-03-08T20:18:44.900Z,2024-03-08T20:18:46.099Z,,,
2024-03-08,unknown,sv1,11,3,1,"{""11"": 1}",1.0,arn:aws:braket:us-west-2:835581428919:quantum-task/984c94fd-fa7c-4bd1-8218-fec474dc0f7e,2024-03-08T23:22:06.627Z,2024-03-08T23:22:08.282Z,,,
2024-03-08,unknown,sv1,10,1,1,"{""11"": 1}",1.0,arn:aws:braket:us-west-2:835581428919:quantum-task/9a834dcf-1e88-406a-9411-62fd19cf119d,2024-03-08T23:21:45.793Z,2024-03-08T23:21:47.044Z,,,
2024-03-08,unknown,sv1,10,2,1,"{""01"": 1}",1.0,arn:aws:braket:us-west-2:835581428919:quantum-task/9b83c29a-4c39-453b-bd34-1c0d28208ff8,2024-03-08T20:18:57.987Z,2024-03-08T20:18:59.216Z,,,
2024-03-08,unknown,sv1,10,5,1,"{""10"": 1}",1.0,arn:aws:braket:us-west-2:835581428919:quantum-task/9b92b818-f877-4d5f-8f2f-f98ce371b4cd,2024-03-08T20:19:05.961Z,2024-03-08T20:19:07.397Z,,,
2024-03-08,unknown,sv1,11,2,1,"{""10"": 1}",1.0,arn:aws:braket:us-west-2:835581428919:quantum-task/9fa17724-16bf-4ae6-ac06-b70a37daa3cb,2024-03-08T20:19:13.682Z,2024-03-08T20:19:15.319Z,,,
2024-03-08,unknown,sv1,11,5,1,"{""01"": 1}",1.0,arn:aws:braket:us-west-2:835581428919:quantum-task/aa5f5d3e-5e0f-4335-8733-09ca811b6f25,2024-03-08T23:22:11.795Z,2024-03-08T23:22:13.323Z,,,
2024-03-08,unknown,sv1,11,6,1,"{""11"": 1}",1.0,arn:aws:braket:us-west-2:835581428919:quantum-task/b12b22a8-2ea6-41b5-84e2-1a3340d9c5b6,2024-03-08T20:19:24.068Z,2024-03-08T20:19:25.561Z,,,
2024-03-08,unknown,sv1,00,2,1,"{""00"": 1}",1.0,arn:aws:braket:us-west-2:835581428919:quantum-task/b32732a1-3ef9-4683-b2f9-4b56bcfb44ce,2024-03-08T23:21:16.583Z,2024-03-08T23:21:18.130Z,,,
2024-03-08,unknown,sv1,00,4,1,"{""00"": 1}",1.0,arn:aws:braket:us-west-2:835581428919:quantum-task/bae96877-89e0-42fe-a461-1cc53d9cc4be,2024-03-08T23:21:21.775Z,2024-03-08T23:21:23.451Z,,,
2024-03-08,unknown,sv1,01,1,1,"{""01"": 1}",1.0,arn:aws:braket:us-west-2:835581428919:quantum-task/bc6a7d35-daff-4f32-bea9-2131300c8e73,2024-03-08T23:21:29.640Z,2024-03-08T23:21:31.203Z,,,
2024-03-08,unknown,sv1,11,5,1,"{""01"": 1}",1.0,arn:aws:braket:us-west-2:835581428919:quantum-task/bdb298d8-201f-4728-84b0-8f77dd426539,2024-03-08T20:19:21.468Z,2024-03-08T20:19:23.173Z,,,
2024-03-08,unknown,sv1,00,6,1,"{""00"": 1}",1.0,arn:aws:braket:us-west-2:835581428919:quantum-task/c0d59f5b-89d0-4d3a-af7c-c5b58a92acac,2024-03-08T23:21:27.046Z,2024-03-08T23:21:28.569Z,,,
2024-03-08,unknown,sv1,00,2,1,"{""00"": 1}",1.0,arn:aws:braket:us-west-2:835581428919:quantum-task/c15d9666-d261-4cd2-b1a4-d3363790e1f6,2024-03-08T20:18:25.081Z,2024-03-08T20:18:26.562Z,,,
2024-03-08,unknown,sv1,01,4,1,"{""10"": 1}",1.0,arn:aws:braket:us-west-2:835581428919:quantum-task/c4467229-ece4-40ea-8b45-16fc93522d46,2024-03-08T23:21:37.859Z,2024-03-08T23:21:39.492Z,,,
2024-03-08,unknown,sv1,10,6,1,"{""10"": 1}",1.0,arn:aws:braket:us-west-2:835581428919:quantum-task/cb37630e-9bb3-4984-993d-12abc009ccea,2024-03-08T23:21:58.740Z,2024-03-08T23:22:00.336Z,,,
2024-03-08,unknown,sv1,00,4,1,"{""00"": 1}",1.0,arn:aws:braket:us-west-2:835581428919:quantum-task/d5508bbe-aded-44a0-bb22-0fa91abfabaa,2024-03-08T20:18:31.453Z,2024-03-08T20:18:32.861Z,,,
2024-03-08,unknown,sv1,01,4,1,"{""10"": 1}",1.0,arn:aws:braket:us-west-2:835581428919:quantum-task/d9cb5ca5-4776-4f46-b388-9d315807a733,2024-03-08T20:18:47.511Z,2024-03-08T20:18:48.803Z,,,
2024-03-08,unknown,sv1,11,3,1,"{""11"": 1}",1.0,arn:aws:braket:us-west-2:835581428919:quantum-task/df134aee-e576-4fc9-b70c-98235054b143,2024-03-08T20:19:16.256Z,2024-03-08T20:19:17.500Z,,,
2024-03-08,unknown,sv1,01,2,1,"{""11"": 1}",1.0,arn:aws:braket:us-west-2:835581428919:quantum-task/f82cbb9e-b070-495a-a094-89d7f874a959,2024-03-08T20:18:42.285Z,2024-03-08T20:18:43.621Z,,,
2024-03-08,unknown,sv1,01,6,1,"{""01"": 1}",1.0,arn:aws:braket:us-west-2:835581428919:quantum-task/f89eb2e8-17b5-4e9d-8efe-43fbd4806cbb,2024-03-08T20:18:52.829Z,2024-03-08T20:18:54.119Z,,,
2024-03-08,unknown,sv1,10,5,1,"{""10"": 1}",1.0,arn:aws:braket:us-west-2:835581428919:quantum-task/fd69ac67-03f9-474c-bcf0-8146e57df520,2024-03-08T23:21:56.120Z,2024-03-08T23:21:57.524Z,,,
2024-03-08,unknown,sv1,01,2,1,"{""11"": 1}",1.0,arn:aws:braket:us-west-2:835581428919:quantum-task/fdcb3323-f72e-470f-87d1-369188c6a699,2024-03-08T23:21:32.285Z,2024-03-08T23:21:33.422Z,,,
2024-03-11,unknown,sv1,10,5,1,"{""10"": 1}",1.0,arn:aws:braket:us-west-2:835581428919:quantum-task/23a4b7dc-deb1-4bd5-8b1f-e78e4007eae8,2024-03-11T05:31:12.518Z,2024-03-11T05:31:13.863Z,,,
2024-03-11,unknown,sv1,01,3,1,"{""10"": 1}",1.0,arn:aws:braket:us-west-2:835581428919:quantum-task/2e7bcb43-1ef8-44bf-aa63-b05476883d52,2024-03-11T05:30:49.740Z,2024-03-11T05:30:51.254Z,,,
2024-03-11,unknown,sv1,01,2,1,"{""11"": 1}",1.0,arn:aws:braket:us-west-2:835581428919:quantum-task/4e9c272a-d10b-4b21-a8c5-cab1a653c38e,2024-03-11T05:30:47.214Z,2024-03-11T05:30:48.402Z,,,
2024-03-11,unknown,sv1,01,5,1,"{""11"": 1}",1.0,arn:aws:braket:us-west-2:835581428919:quantum-task/52b7b5db-0431-4778-96bc-d4f32b4bf340,2024-03-11T05:30:54.819Z,2024-03-11T05:30:57.064Z,,,
2024-03-11,unknown,sv1,11,1,1,"{""10"": 1}",1.0,arn:aws:braket:us-west-2:835581428919:quantum-task/54478f7e-b7d6-4c6a-b3ef-d74810b69387,2024-03-11T05:31:16.500Z,2024-03-11T05:31:17.623Z,,,
2024-03-11,unknown,sv1,11,3,1,"{""11"": 1}",1.0,arn:aws:braket:us-west-2:835581428919:quantum-task/5b590bbf-34a1-4f7e-8aef-d4ffab70f069,2024-03-11T05:31:21.560Z,2024-03-11T05:31:23.890Z,,,
2024-03-11,unknown,sv1,10,3,1,"{""01"": 1}",1.0,arn:aws:braket:us-west-2:835581428919:quantum-task/6820758a-d5a2-407d-a696-a4e1be44d0bc,2024-03-11T05:31:06.248Z,2024-03-11T05:31:07.921Z,,,
2024-03-11,unknown,sv1,11,2,1,"{""10"": 1}",1.0,arn:aws:braket:us-west-2:835581428919:quantum-task/7b2886f1-480a-4fba-a5fb-0d3a0edb524a,2024-03-11T05:31:19.035Z,2024-03-11T05:31:20.167Z,,,
2024-03-11,unknown,sv1,01,4,1,"{""10"": 1}",1.0,arn:aws:braket:us-west-2:835581428919:quantum-task/89337cfb-4b3d-498a-bc5a-a517c5dd8b1e,2024-03-11T05:30:52.310Z,2024-03-11T05:30:53.862Z,,,
2024-03-11,unknown,sv1,00,5,1,"{""00"": 1}",1.0,arn:aws:braket:us-west-2:835581428919:quantum-task/965ed17f-9615-4190-9d44-55c4b0bfdc61,2024-03-11T05:30:39.277Z,2024-03-11T05:30:40.626Z,,,
2024-03-11,unknown,sv1,11,4,1,"{""01"": 1}",1.0,arn:aws:braket:us-west-2:835581428919:quantum-task/a204b6d4-5ced-4e4a-b9b3-3001aaef81de,2024-03-11T05:31:25.234Z,2024-03-11T05:31:26.790Z,,,
2024-03-11,unknown,sv1,00,1,1,"{""00"": 1}",1.0,arn:aws:braket:us-west-2:835581428919:quantum-task/a5970378-4553-498d-b0cf-fe9afaea75d5,2024-03-11T05:30:28.704Z,2024-03-11T05:30:30.643Z,,,
2024-03-11,unknown,sv1,11,5,1,"{""01"": 1}",1.0,arn:aws:braket:us-west-2:835581428919:quantum-task/a850d3cf-32dd-43e1-890b-4096ed2449d6,2024-03-11T05:31:27.816Z,2024-03-11T05:31:29.308Z,,,
2024-03-11,unknown,sv1,10,1,1,"{""11"": 1}",1.0,arn:aws:braket:us-west-2:835581428919:quantum-task/af3a32ec-4616-472b-ad03-a33d5d5d9452,2024-03-11T05:31:01.146Z,2024-03-11T05:31:02.468Z,,,
2024-03-11,unknown,sv1,00,3,1,"{""00"": 1}",1.0,arn:aws:braket:us-west-2:835581428919:quantum-task/b52f7ec6-5827-4902-8eaa-b4fbfa90f336,2024-03-11T05:30:34.162Z,2024-03-11T05:30:35.686Z,,,
2024-03-11,unknown,sv1,10,6,1,"{""10"": 1}",1.0,arn:aws:braket:us-west-2:835581428919:quantum-task/ba1a3bae-da6f-460c-a611-2cf870b1cace,2024-03-11T05:31:15.045Z,2024-03-11T05:31:16.068Z,,,
2024-03-11,unknown,sv1,01,1,1,"{""01"": 1}",1.0,arn:aws:braket:us-west-2:835581428919:quantum-task/cbb80f0a-7e40-4f09-a85b-49954fee4229,2024-03-11T05:30:44.647Z,2024-03-11T05:30:46.206Z,,,
2024-03-11,unknown,sv1,11,6,1,"{""11"": 1}",1.0,arn:aws:braket:us-west-2:835581428919:quantum-task/e0d66c2a-7c01-40c9-aa38-dab11a425ddb,2024-03-11T05:31:30.355Z,2024-03-11T05:31:31.579Z,,,
2024-03-11,unknown,sv1,01,6,1,"{""01"": 1}",1.0,arn:aws:braket:us-west-2:835581428919:quantum-task/e3bc55d4-1324-491c-b43a-bebd5cef7db9,2024-03-11T05:30:58.574Z,2024-03-11T05:30:59.946Z,,,
2024-03-11,unknown,sv1,00,6,1,"{""00"": 1}",1.0,arn:aws:braket:us-west-2:835581428919:quantum-task/e4df250c-a77e-4151-bbad-140b544c9714,2024-03-11T05:30:42.096Z,2024-03-11T05:30:43.343Z,,,
2024-03-11,unknown,sv1,10,2,1,"{""01"": 1}",1.0,arn:aws:braket:us-west-2:835581428919:quantum-task/e58dc9cb-edbb-4841-a8c2-7fc880c11da7,2024-03-11T05:31:03.692Z,2024-03-11T05:31:04.968Z,,,
2024-03-11,unknown,sv1,00,4,1,"{""00"": 1}",1.0,arn:aws:braket:us-west-2:835581428919:quantum-task/ec1b15dd-8410-4fe3-b8e0-be19eefa7549,2024-03-11T05:30:36.670Z,2024-03-11T05:30:38.503Z,,,
2024-03-11,unknown,sv1,10,4,1,"{""11"": 1}",1.0,arn:aws:braket:us-west-2:835581428919:quantum-task/f3d82401-5073-48b0-9e9d-95063b76bdcd,2024-03-11T05:31:08.865Z,2024-03-11T05:31:11.744Z,,,
2024-03-11,unknown,sv1,00,2,1,"{""00"": 1}",1.0,arn:aws:braket:us-west-2:835581428919:quantum-task/f687f100-0fb7-4dfe-8d1f-6aaa35fe00dd,2024-03-11T05:30:31.561Z,2024-03-11T05:30:33.091Z,,,
2024-03-12,unknown,sv1,01,6,1,"{""01"": 1}",1.0,arn:aws:braket:us-west-2:835581428919:quantum-task/0724aa6c-71ec-4f0b-886b-074885e85633,2024-03-12T20:44:41.121Z,2024-03-12T20:44:42.520Z,,,
2024-03-12,unknown,sv1,00,3,1,"{""00"": 1}",1.0,arn:aws:braket:us-west-2:835581428919:quantum-task/07d1889b-519a-439f-8bae-15dd1e8bae4a,2024-03-12T17:13:21.103Z,2024-03-12T17:13:22.362Z,,,
2024-03-12,unknown,sv1,10,2,1,"{""01"": 1}",1.0,arn:aws:braket:us-west-2:835581428919:quantum-task/0a7b9c46-90c2-4335-a240-0bcc0ad40ce0,2024-03-12T20:07:30.708Z,2024-03-12T20:07:32.133Z,,,
2024-03-12,unknown,sv1,10,2,1,"{""01"": 1}",1.0,arn:aws:braket:us-west-2:835581428919:quantum-task/0b5ba4ae-ee7c-488d-8728-51086a02aeeb,2024-03-12T20:44:46.586Z,2024-03-12T20:44:47.811Z,,,
2024-03-12,unknown,sv1,00,5,1,"{""00"": 1}",1.0,arn:aws:braket:us-west-2:835581428919:quantum-task/0d6e590f-e118-485e-b924-bc95c2c971b3,2024-03-12T20:46:32.742Z,2024-03-12T20:46:34.154Z,,,
2024-03-12,unknown,sv1,11,3,1,"{""11"": 1}",1.0,arn:aws:braket:us-west-2:835581428919:quantum-task/10bb9655-7843-469f-9a9e-0341dfd140e1,2024-03-12T20:47:14.471Z,2024-03-12T20:47:16.228Z,,,
2024-03-12,unknown,sv1,00,1,1,"{""00"": 1}",1.0,arn:aws:braket:us-west-2:835581428919:quantum-task/12c294d9-3996-4728-81e3-f1b1bb296f3b,2024-03-12T20:44:11.699Z,2024-03-12T20:44:13.268Z,,,
2024-03-12,unknown,sv1,01,4,1,"{""10"": 1}",1.0,arn:aws:braket:us-west-2:835581428919:quantum-task/147ac0d1-734e-4fbf-aacb-5e40f45cb98e,2024-03-12T19:48:25.425Z,2024-03-12T19:48:26.966Z,,,
2024-03-12,unknown,sv1,11,3,1,"{""11"": 1}",1.0,arn:aws:braket:us-west-2:835581428919:quantum-task/153f6347-48f4-40f2-8e96-0edc023eba4e,2024-03-12T20:36:49.549Z,2024-03-12T20:36:51.094Z,,,
2024-03-12,unknown,sv1,10,2,1,"{""01"": 1}",1.0,arn:aws:braket:us-west-2:835581428919:quantum-task/15dbec6b-10b9-4a34-8623-cbc2f48e7aff,2024-03-12T20:36:31.048Z,2024-03-12T20:36:32.930Z,,,
2024-03-12,unknown,sv1,01,4,1,"{""10"": 1}",1.0,arn:aws:braket:us-west-2:835581428919:quantum-task/17194643-6103-4b04-94ad-1d6e2b15cbaf,2024-03-12T20:44:35.346Z,2024-03-12T20:44:36.874Z,,,
2024-03-12,unknown,sv1,10,5,1,"{""10"": 1}",1.0,arn:aws:braket:us-west-2:835581428919:quantum-task/183345f6-f434-4b4c-ab76-ba1cb2ede818,2024-03-12T17:13:58.463Z,2024-03-12T17:13:59.777Z,,,
2024-03-12,unknown,sv1,11,4,1,"{""01"": 1}",1.0,arn:aws:braket:us-west-2:835581428919:quantum-task/1a94b7eb-9b49-4e16-9177-feef294d795f,2024-03-12T20:47:17.117Z,2024-03-12T20:47:18.611Z,,,
2024-03-12,unknown,sv1,11,3,1,"{""11"": 1}",1.0,arn:aws:braket:us-west-2:835581428919:quantum-task/1e2dbe7d-4454-41bb-88fb-124ac99028ca,2024-03-12T20:07:50.802Z,2024-03-12T20:07:52.140Z,,,
2024-03-12,unknown,sv1,11,5,1,"{""01"": 1}",1.0,arn:aws:braket:us-west-2:835581428919:quantum-task/1fc3259a-c5f7-4850-a0ff-b05bfcd7b907,2024-03-12T20:36:54.797Z,2024-03-12T20:36:56.251Z,,,
2024-03-12,unknown,sv1,11,4,1,"{""01"": 1}",1.0,arn:aws:braket:us-west-2:835581428919:quantum-task/20adffb8-b15d-479c-b9b9-64b997572c48,2024-03-12T17:14:12.446Z,2024-03-12T17:14:14.102Z,,,
2024-03-12,unknown,sv1,01,1,1,"{""01"": 1}",1.0,arn:aws:braket:us-west-2:835581428919:quantum-task/23802c8e-dfa4-4cf8-adf4-77c20d4a2b6f,2024-03-12T20:36:12.868Z,2024-03-12T20:36:14.098Z,,,
2024-03-12,unknown,sv1,10,1,1,"{""11"": 1}",1.0,arn:aws:braket:us-west-2:835581428919:quantum-task/2582729f-b2a2-4b63-a43d-bc85586796ff,2024-03-12T19:48:33.348Z,2024-03-12T19:48:34.736Z,,,
2024-03-12,unknown,sv1,11,2,1,"{""10"": 1}",1.0,arn:aws:braket:us-west-2:835581428919:quantum-task/276d3d2e-3269-468b-82d5-3ca511367205,2024-03-12T17:14:07.315Z,2024-03-12T17:14:08.514Z,,,
2024-03-12,unknown,sv1,11,1,1,"{""10"": 1}",1.0,arn:aws:braket:us-west-2:835581428919:quantum-task/2c4b8165-31bb-4ac5-bda3-ef3d7c2ca837,2024-03-12T19:48:48.999Z,2024-03-12T19:48:50.600Z,,,
2024-03-12,unknown,sv1,11,1,1,"{""10"": 1}",1.0,arn:aws:braket:us-west-2:835581428919:quantum-task/2cfb5c9e-2c5e-44ba-baa9-f308a197ea17,2024-03-12T17:14:03.645Z,2024-03-12T17:14:06.840Z,,,
2024-03-12,unknown,sv1,01,6,1,"{""01"": 1}",1.0,arn:aws:braket:us-west-2:835581428919:quantum-task/2d800583-8ce9-48d4-b300-ecf0d7b9a77a,2024-03-12T20:46:50.947Z,2024-03-12T20:46:52.668Z,,,
2024-03-12,unknown,sv1,10,5,1,"{""10"": 1}",1.0,arn:aws:braket:us-west-2:835581428919:quantum-task/2fefb33e-3f79-4f64-97c6-add11a98beea,2024-03-12T20:36:38.887Z,2024-03-12T20:36:40.210Z,,,
2024-03-12,unknown,sv1,10,1,1,"{""11"": 1}",1.0,arn:aws:braket:us-west-2:835581428919:quantum-task/310a71bb-6e5c-4d6d-8116-2bafa4255ad6,2024-03-12T17:13:48.122Z,2024-03-12T17:13:49.682Z,,,
2024-03-12,unknown,sv1,00,4,1,"{""00"": 1}",1.0,arn:aws:braket:us-west-2:835581428919:quantum-task/32ff405c-b143-442f-a72a-325a4d7158be,2024-03-12T20:44:19.819Z,2024-03-12T20:44:21.353Z,,,
2024-03-12,unknown,sv1,01,5,1,"{""11"": 1}",1.0,arn:aws:braket:us-west-2:835581428919:quantum-task/36bbe1d0-542d-49ab-8441-a4933a532a16,2024-03-12T17:13:42.874Z,2024-03-12T17:13:44.496Z,,,
2024-03-12,unknown,sv1,00,6,1,"{""00"": 1}",1.0,arn:aws:braket:us-west-2:835581428919:quantum-task/3cc3bf74-fb96-4093-98c1-ff3c41e3f6a2,2024-03-12T20:44:25.002Z,2024-03-12T20:44:26.379Z,,,
2024-03-12,unknown,sv1,00,6,1,"{""00"": 1}",1.0,arn:aws:braket:us-west-2:835581428919:quantum-task/3e3981f6-99a4-4645-a378-baabf462e08f,2024-03-12T20:36:10.229Z,2024-03-12T20:36:11.843Z,,,
2024-03-12,unknown,sv1,01,3,1,"{""10"": 1}",1.0,arn:aws:braket:us-west-2:835581428919:quantum-task/432ec7cc-fa6c-45c7-b6bd-1509528f1277,2024-03-12T17:13:37.512Z,2024-03-12T17:13:39.269Z,,,
2024-03-12,unknown,sv1,10,1,1,"{""11"": 1}",1.0,arn:aws:braket:us-west-2:835581428919:quantum-task/43332034-c3e3-43a2-81ad-0289dfc67684,2024-03-12T20:44:44.020Z,2024-03-12T20:44:45.536Z,,,
2024-03-12,unknown,sv1,10,3,1,"{""01"": 1}",1.0,arn:aws:braket:us-west-2:835581428919:quantum-task/44f5d828-a599-4652-90a3-c5f6a37ffc04,2024-03-12T20:44:49.152Z,2024-03-12T20:44:50.469Z,,,
2024-03-12,unknown,sv1,00,4,1,"{""00"": 1}",1.0,arn:aws:braket:us-west-2:835581428919:quantum-task/44ff30f4-221c-454d-bc66-2f38445eaa82,2024-03-12T20:07:01.718Z,2024-03-12T20:07:03.444Z,,,
2024-03-12,unknown,sv1,11,4,1,"{""01"": 1}",1.0,arn:aws:braket:us-west-2:835581428919:quantum-task/4914c06b-0265-48dd-b9f1-19909699dd39,2024-03-12T19:48:56.721Z,2024-03-12T19:48:58.760Z,,,
2024-03-12,unknown,sv1,10,5,1,"{""10"": 1}",1.0,arn:aws:braket:us-west-2:835581428919:quantum-task/4a5f931c-e653-4c07-8196-8987d090f23f,2024-03-12T20:44:54.264Z,2024-03-12T20:44:55.927Z,,,
2024-03-12,unknown,sv1,00,3,1,"{""00"": 1}",1.0,arn:aws:braket:us-west-2:835581428919:quantum-task/4a79cd9b-6e61-441f-8c05-de98ba776c3e,2024-03-12T20:36:02.453Z,2024-03-12T20:36:03.938Z,,,
2024-03-12,unknown,sv1,11,6,1,"{""11"": 1}",1.0,arn:aws:braket:us-west-2:835581428919:quantum-task/4ea0317f-e31f-44dc-80c7-34e86c3b698e,2024-03-12T20:08:00.869Z,2024-03-12T20:08:02.487Z,,,
2024-03-12,unknown,sv1,01,5,1,"{""11"": 1}",1.0,arn:aws:braket:us-west-2:835581428919:quantum-task/5006ce8c-e4a4-4953-b9ae-670e3996070e,2024-03-12T20:46:48.339Z,2024-03-12T20:46:49.795Z,,,
2024-03-12,unknown,sv1,01,2,1,"{""11"": 1}",1.0,arn:aws:braket:us-west-2:835581428919:quantum-task/508ef24d-a400-4ee1-92f8-a8191642ec05,2024-03-12T20:36:15.360Z,2024-03-12T20:36:17.129Z,,,
2024-03-12,unknown,sv1,11,1,1,"{""10"": 1}",1.0,arn:aws:braket:us-west-2:835581428919:quantum-task/53652242-158c-4b84-89c8-33cd4f097cf5,2024-03-12T20:07:45.563Z,2024-03-12T20:07:46.812Z,,,
2024-03-12,unknown,sv1,11,6,1,"{""11"": 1}",1.0,arn:aws:braket:us-west-2:835581428919:quantum-task/546c6c7b-8973-47b0-a42a-c8219bd82bad,2024-03-12T19:49:01.953Z,2024-03-12T19:49:03.373Z,,,
2024-03-12,unknown,sv1,11,1,1,"{""10"": 1}",1.0,arn:aws:braket:us-west-2:835581428919:quantum-task/549ed7fa-6da7-4335-bd17-c57afa6a6b98,2024-03-12T20:36:44.052Z,2024-03-12T20:36:45.640Z,,,
2024-03-12,unknown,sv1,00,4,1,"{""00"": 1}",1.0,arn:aws:braket:us-west-2:835581428919:quantum-task/56b509dd-101a-4916-86d3-db10ca859f6a,2024-03-12T19:48:09.763Z,2024-03-12T19:48:11.208Z,,,
2024-03-12,unknown,sv1,01,1,1,"{""01"": 1}",1.0,arn:aws:braket:us-west-2:835581428919:quantum-task/5787a571-d88e-4619-a8e0-03a9b0e54b1c,2024-03-12T19:48:17.612Z,2024-03-12T19:48:19.007Z,,,
2024-03-12,unknown,sv1,00,2,1,"{""00"": 1}",1.0,arn:aws:braket:us-west-2:835581428919:quantum-task/595f8894-f6b5-48db-9878-6fa8461d1cb8,2024-03-12T17:13:18.305Z,2024-03-12T17:13:20.139Z,,,
2024-03-12,unknown,sv1,01,6,1,"{""01"": 1}",1.0,arn:aws:braket:us-west-2:835581428919:quantum-task/598a79d2-63c8-4c2e-a30e-4a10cb13150c,2024-03-12T17:13:45.508Z,2024-03-12T17:13:46.928Z,,,
2024-03-12,unknown,sv1,11,4,1,"{""01"": 1}",1.0,arn:aws:braket:us-west-2:835581428919:quantum-task/5999642f-920b-4d92-baec-772f57a9234a,2024-03-12T20:36:52.252Z,2024-03-12T20:36:53.729Z,,,
2024-03-12,unknown,sv1,00,1,1,"{""00"": 1}",1.0,arn:aws:braket:us-west-2:835581428919:quantum-task/5e39ee9c-3964-460a-8ac4-7497acca537c,2024-03-12T20:45:55.835Z,2024-03-12T20:45:57.454Z,,,
2024-03-12,unknown,sv1,11,3,1,"{""11"": 1}",1.0,arn:aws:braket:us-west-2:835581428919:quantum-task/5e81b4e1-6565-4b6e-872e-e75bb3c0908f,2024-03-12T20:45:04.708Z,2024-03-12T20:45:06.316Z,,,
2024-03-12,unknown,sv1,10,3,1,"{""01"": 1}",1.0,arn:aws:braket:us-west-2:835581428919:quantum-task/5f3b5ef7-151b-4168-b8bc-1c2eccae92d6,2024-03-12T20:07:33.682Z,2024-03-12T20:07:35.103Z,,,
2024-03-12,unknown,sv1,11,2,1,"{""10"": 1}",1.0,arn:aws:braket:us-west-2:835581428919:quantum-task/60a86e25-0fee-448d-9f8e-332fee853fa2,2024-03-12T19:48:51.562Z,2024-03-12T19:48:53.004Z,,,
2024-03-12,unknown,sv1,01,6,1,"{""01"": 1}",1.0,arn:aws:braket:us-west-2:835581428919:quantum-task/650da1a9-0f8d-455c-9b80-aa52f6b0e155,2024-03-12T19:48:30.640Z,2024-03-12T19:48:32.325Z,,,
2024-03-12,unknown,sv1,00,3,1,"{""00"": 1}",1.0,arn:aws:braket:us-west-2:835581428919:quantum-task/66f19920-49da-41d7-8e80-01d72bbc1a65,2024-03-12T20:06:59.050Z,2024-03-12T20:07:00.314Z,,,
2024-03-12,unknown,sv1,01,2,1,"{""11"": 1}",1.0,arn:aws:braket:us-west-2:835581428919:quantum-task/6c80f699-70fc-4dac-b7d9-743551eff1ad,2024-03-12T20:07:12.758Z,2024-03-12T20:07:14.256Z,,,
2024-03-12,unknown,sv1,00,1,1,"{""00"": 1}",1.0,arn:aws:braket:us-west-2:835581428919:quantum-task/6d1c7430-9d19-423f-8542-90f28cae1fc4,2024-03-12T19:48:01.496Z,2024-03-12T19:48:03.399Z,,,
2024-03-12,unknown,sv1,11,2,1,"{""10"": 1}",1.0,arn:aws:braket:us-west-2:835581428919:quantum-task/706acf1d-91ae-4419-b7e2-d5817109bc99,2024-03-12T20:45:02.159Z,2024-03-12T20:45:03.527Z,,,
2024-03-12,unknown,sv1,01,6,1,"{""01"": 1}",1.0,arn:aws:braket:us-west-2:835581428919:quantum-task/716cb865-f9f3-4f6f-9884-87374e4346f6,2024-03-12T20:07:25.407Z,2024-03-12T20:07:26.548Z,,,
2024-03-12,unknown,sv1,10,4,1,"{""11"": 1}",1.0,arn:aws:braket:us-west-2:835581428919:quantum-task/74082219-bdca-488d-9fa3-53fbc328bd7e,2024-03-12T19:48:41.177Z,2024-03-12T19:48:42.958Z,,,
2024-03-12,unknown,sv1,10,2,1,"{""01"": 1}",1.0,arn:aws:braket:us-west-2:835581428919:quantum-task/7619eb1f-cc5b-4aa2-9b70-8e0d6d5ee891,2024-03-12T19:48:36.051Z,2024-03-12T19:48:37.230Z,,,
2024-03-12,unknown,sv1,01,5,1,"{""11"": 1}",1.0,arn:aws:braket:us-west-2:835581428919:quantum-task/769f97d1-8290-4072-97e9-2732b3251b7e,2024-03-12T20:44:38.524Z,2024-03-12T20:44:39.992Z,,,
2024-03-12,unknown,sv1,10,1,1,"{""11"": 1}",1.0,arn:aws:braket:us-west-2:835581428919:quantum-task/80644115-5d1b-4a2c-9558-dbda0345ea49,2024-03-12T20:46:53.576Z,2024-03-12T20:46:54.960Z,,,
2024-03-12,unknown,sv1,10,3,1,"{""01"": 1}",1.0,arn:aws:braket:us-west-2:835581428919:quantum-task/818ed80d-2c55-474f-937b-2ce86d1c1a70,2024-03-12T19:48:38.640Z,2024-03-12T19:48:39.901Z,,,
2024-03-12,unknown,sv1,01,3,1,"{""10"": 1}",1.0,arn:aws:braket:us-west-2:835581428919:quantum-task/81b0e9ca-f0b4-4d97-a78e-a8d54ab4fdfb,2024-03-12T20:07:15.391Z,2024-03-12T20:07:16.879Z,,,
2024-03-12,unknown,sv1,11,5,1,"{""01"": 1}",1.0,arn:aws:braket:us-west-2:835581428919:quantum-task/83974339-c9f1-47f1-a257-4b9d57d97ec9,2024-03-12T20:07:58.235Z,2024-03-12T20:07:59.507Z,,,
2024-03-12,unknown,sv1,01,3,1,"{""10"": 1}",1.0,arn:aws:braket:us-west-2:835581428919:quantum-task/843df5f2-2eb0-4ba5-a4ab-3f4afe731b5c,2024-03-12T20:44:32.737Z,2024-03-12T20:44:34.336Z,,,
2024-03-12,unknown,sv1,11,2,1,"{""10"": 1}",1.0,arn:aws:braket:us-west-2:835581428919:quantum-task/86579277-7839-4f27-8166-022049b5befb,2024-03-12T20:36:46.998Z,2024-03-12T20:36:48.149Z,,,
2024-03-12,unknown,sv1,00,2,1,"{""00"": 1}",1.0,arn:aws:braket:us-west-2:835581428919:quantum-task/86a4413f-e489-4922-8eb8-ca2d8fbb9183,2024-03-12T20:35:59.837Z,2024-03-12T20:36:01.353Z,,,
2024-03-12,unknown,sv1,01,2,1,"{""11"": 1}",1.0,arn:aws:braket:us-west-2:835581428919:quantum-task/86a49f60-ead8-4cb1-b50a-3dee5e6f3c85,2024-03-12T20:46:40.573Z,2024-03-12T20:46:41.991Z,,,
2024-03-12,unknown,sv1,10,3,1,"{""01"": 1}",1.0,arn:aws:braket:us-west-2:835581428919:quantum-task/87963565-558c-4d00-9e00-207d268be565,2024-03-12T20:36:33.730Z,2024-03-12T20:36:35.213Z,,,
2024-03-12,unknown,sv1,10,6,1,"{""10"": 1}",1.0,arn:aws:braket:us-west-2:835581428919:quantum-task/879cc367-639a-443a-a43f-95e5a25c9b3d,2024-03-12T20:44:57.070Z,2024-03-12T20:44:58.275Z,,,
2024-03-12,unknown,sv1,00,2,1,"{""00"": 1}",1.0,arn:aws:braket:us-west-2:835581428919:quantum-task/8b25b89e-6e7c-4e89-9e2d-77cabd6cfa18,2024-03-12T20:06:56.260Z,2024-03-12T20:06:58.062Z,,,
2024-03-12,unknown,sv1,01,1,1,"{""01"": 1}",1.0,arn:aws:braket:us-west-2:835581428919:quantum-task/8b5bd631-af86-4744-abd2-8adcf6c38e59,2024-03-12T20:07:09.776Z,2024-03-12T20:07:11.867Z,,,
2024-03-12,unknown,sv1,11,1,1,"{""10"": 1}",1.0,arn:aws:braket:us-west-2:835581428919:quantum-task/8ce8bade-7fd9-45e6-aad2-087bfdf5b24d,2024-03-12T20:47:09.287Z,2024-03-12T20:47:11.009Z,,,
2024-03-12,unknown,sv1,00,3,1,"{""00"": 1}",1.0,arn:aws:braket:us-west-2:835581428919:quantum-task/8eaa9731-2280-46dc-afcc-6015fa292f45,2024-03-12T20:44:17.164Z,2024-03-12T20:44:18.831Z,,,
2024-03-12,unknown,sv1,01,4,1,"{""10"": 1}",1.0,arn:aws:braket:us-west-2:835581428919:quantum-task/8edf62cc-25c0-4828-93ab-14c41abcc35b,2024-03-12T20:46:45.760Z,2024-03-12T20:46:47.234Z,,,
2024-03-12,unknown,sv1,10,6,1,"{""10"": 1}",1.0,arn:aws:braket:us-west-2:835581428919:quantum-task/950e6358-bd30-43d8-bf70-068d586e8752,2024-03-12T19:48:46.470Z,2024-03-12T19:48:47.890Z,,,
2024-03-12,unknown,sv1,11,3,1,"{""11"": 1}",1.0,arn:aws:braket:us-west-2:835581428919:quantum-task/96988e64-376e-43cb-b9d4-ba20f23fe8fb,2024-03-12T19:48:54.099Z,2024-03-12T19:48:55.512Z,,,
2024-03-12,unknown,sv1,00,4,1,"{""00"": 1}",1.0,arn:aws:braket:us-west-2:835581428919:quantum-task/99a11376-ec34-444e-a08d-420a52699267,2024-03-12T20:36:05.020Z,2024-03-12T20:36:06.385Z,,,
2024-03-12,unknown,sv1,10,4,1,"{""11"": 1}",1.0,arn:aws:braket:us-west-2:835581428919:quantum-task/9bc89c01-2bf6-47e6-a10b-a9ffbfd779a9,2024-03-12T20:36:36.306Z,2024-03-12T20:36:37.817Z,,,
2024-03-12,unknown,sv1,10,2,1,"{""01"": 1}",1.0,arn:aws:braket:us-west-2:835581428919:quantum-task/9c052949-58af-49e6-9b06-16066dd7d18d,2024-03-12T17:13:50.723Z,2024-03-12T17:13:51.865Z,,,
2024-03-12,unknown,sv1,00,3,1,"{""00"": 1}",1.0,arn:aws:braket:us-west-2:835581428919:quantum-task/9fadfcd7-3aac-43cd-9106-a62d0ee7fd7c,2024-03-12T19:48:07.089Z,2024-03-12T19:48:08.853Z,,,
2024-03-12,unknown,sv1,10,6,1,"{""10"": 1}",1.0,arn:aws:braket:us-west-2:835581428919:quantum-task/a0fa6a3c-4414-4c71-ba47-0c0085b58aaf,2024-03-12T17:14:01.072Z,2024-03-12T17:14:02.706Z,,,
2024-03-12,unknown,sv1,11,3,1,"{""11"": 1}",1.0,arn:aws:braket:us-west-2:835581428919:quantum-task/a28586c8-853b-4f39-9567-de674518f3b7,2024-03-12T17:14:09.887Z,2024-03-12T17:14:11.416Z,,,
2024-03-12,unknown,sv1,01,4,1,"{""10"": 1}",1.0,arn:aws:braket:us-west-2:835581428919:quantum-task/a319b4ce-97de-4a00-adc7-ffadf2e10d1b,2024-03-12T20:36:20.538Z,2024-03-12T20:36:21.811Z,,,
2024-03-12,unknown,sv1,11,6,1,"{""11"": 1}",1.0,arn:aws:braket:us-west-2:835581428919:quantum-task/a4b2b394-8afa-475c-a1db-d9acc8cd1c94,2024-03-12T20:36:57.368Z,2024-03-12T20:36:58.815Z,,,
2024-03-12,unknown,sv1,01,3,1,"{""10"": 1}",1.0,arn:aws:braket:us-west-2:835581428919:quantum-task/a5368c6c-e165-44bd-88a1-41b978e8a976,2024-03-12T20:36:17.977Z,2024-03-12T20:36:19.676Z,,,
2024-03-12,unknown,sv1,01,5,1,"{""11"": 1}",1.0,arn:aws:braket:us-west-2:835581428919:quantum-task/a79d95b4-ddd2-4917-8ae3-d1d6198c1346,2024-03-12T19:48:28.027Z,2024-03-12T19:48:29.397Z,,,
2024-03-12,unknown,sv1,11,1,1,"{""10"": 1}",1.0,arn:aws:braket:us-west-2:835581428919:quantum-task/a7a0d398-74ba-49de-b388-700f4c239af6,2024-03-12T20:44:59.540Z,2024-03-12T20:45:00.731Z,,,
2024-03-12,unknown,sv1,11,5,1,"{""01"": 1}",1.0,arn:aws:braket:us-west-2:835581428919:quantum-task/aa5c6f71-2058-4e23-a1f5-3d09684e8623,2024-03-12T17:14:15.099Z,2024-03-12T17:14:16.362Z,,,
2024-03-12,unknown,sv1,01,3,1,"{""10"": 1}",1.0,arn:aws:braket:us-west-2:835581428919:quantum-task/aa82a567-0a4d-48dc-b961-f0be4cb7cb06,2024-03-12T20:46:43.205Z,2024-03-12T20:46:44.432Z,,,
2024-03-12,unknown,sv1,10,3,1,"{""01"": 1}",1.0,arn:aws:braket:us-west-2:835581428919:quantum-task/ab010bcc-831b-4113-b60d-3c0eb21bead8,2024-03-12T20:46:58.884Z,2024-03-12T20:47:00.410Z,,,
2024-03-12,unknown,sv1,01,2,1,"{""11"": 1}",1.0,arn:aws:braket:us-west-2:835581428919:quantum-task/ab71b7bc-45a6-4ac0-b8c0-756ffa209d24,2024-03-12T17:13:34.946Z,2024-03-12T17:13:36.176Z,,,
2024-03-12,unknown,sv1,10,1,1,"{""11"": 1}",1.0,arn:aws:braket:us-west-2:835581428919:quantum-task/adcc6b5d-4669-4d5f-b0fd-70bf7667eb5c,2024-03-12T20:36:28.402Z,2024-03-12T20:36:30.019Z,,,
2024-03-12,unknown,sv1,01,5,1,"{""11"": 1}",1.0,arn:aws:braket:us-west-2:835581428919:quantum-task/ae35acf7-2e48-4dc3-ae5c-72543a8bd2d0,2024-03-12T20:07:22.776Z,2024-03-12T20:07:24.173Z,,,
2024-03-12,unknown,sv1,00,3,1,"{""00"": 1}",1.0,arn:aws:braket:us-west-2:835581428919:quantum-task/af6cda1e-38cc-4fdb-b668-d70c81884e25,2024-03-12T20:46:25.437Z,2024-03-12T20:46:28.992Z,,,
2024-03-12,unknown,sv1,01,1,1,"{""01"": 1}",1.0,arn:aws:braket:us-west-2:835581428919:quantum-task/b5092f08-2fe7-4bd1-ab73-d2868d1a781f,2024-03-12T20:44:27.568Z,2024-03-12T20:44:28.913Z,,,
2024-03-12,unknown,sv1,01,5,1,"{""11"": 1}",1.0,arn:aws:braket:us-west-2:835581428919:quantum-task/b679ba4d-f130-4a8f-bc0a-e475e75609a1,2024-03-12T20:36:23.118Z,2024-03-12T20:36:24.735Z,,,
2024-03-12,unknown,sv1,11,5,1,"{""01"": 1}",1.0,arn:aws:braket:us-west-2:835581428919:quantum-task/b7b583d1-22ff-4905-baaa-ee45ef69387d,2024-03-12T20:45:09.978Z,2024-03-12T20:45:11.510Z,,,
2024-03-12,unknown,sv1,01,1,1,"{""01"": 1}",1.0,arn:aws:braket:us-west-2:835581428919:quantum-task/b7efae65-1403-4846-9442-c253381c4516,2024-03-12T20:46:37.968Z,2024-03-12T20:46:39.287Z,,,
2024-03-12,unknown,sv1,10,6,1,"{""10"": 1}",1.0,arn:aws:braket:us-west-2:835581428919:quantum-task/b8749c17-18b0-4779-819b-f4dfd5558b0f,2024-03-12T20:07:41.855Z,2024-03-12T20:07:44.811Z,,,
2024-03-12,unknown,sv1,10,3,1,"{""01"": 1}",1.0,arn:aws:braket:us-west-2:835581428919:quantum-task/b8e8f112-b296-4402-986a-113edbba901a,2024-03-12T17:13:53.286Z,2024-03-12T17:13:54.720Z,,,
2024-03-12,unknown,sv1,00,1,1,"{""00"": 1}",1.0,arn:aws:braket:us-west-2:835581428919:quantum-task/b9ab50c7-a0ed-42f3-a4a7-219bf6bd2a39,2024-03-12T17:13:15.302Z,2024-03-12T17:13:16.824Z,,,
2024-03-12,unknown,sv1,00,5,1,"{""00"": 1}",1.0,arn:aws:braket:us-west-2:835581428919:quantum-task/b9bf384a-2161-4692-a035-cbce7ef40c33,2024-03-12T17:13:26.472Z,2024-03-12T17:13:27.941Z,,,
2024-03-12,unknown,sv1,11,4,1,"{""01"": 1}",1.0,arn:aws:braket:us-west-2:835581428919:quantum-task/ba27ed38-3132-40bd-b9fa-fd80f4c0a6ea,2024-03-12T20:45:07.334Z,2024-03-12T20:45:09.000Z,,,
2024-03-12,unknown,sv1,10,5,1,"{""10"": 1}",1.0,arn:aws:braket:us-west-2:835581428919:quantum-task/bb38b708-6dff-4bce-8a32-deb5bd02395b,2024-03-12T20:07:39.281Z,2024-03-12T20:07:40.485Z,,,
2024-03-12,unknown,sv1,00,5,1,"{""00"": 1}",1.0,arn:aws:braket:us-west-2:835581428919:quantum-task/bc6b2e77-d477-49c1-907c-2e27ca6f2781,2024-03-12T20:07:04.397Z,2024-03-12T20:07:05.954Z,,,
2024-03-12,unknown,sv1,11,6,1,"{""11"": 1}",1.0,arn:aws:braket:us-west-2:835581428919:quantum-task/bdf4de05-2237-4d74-8e62-7f34f6e695b6,2024-03-12T20:47:22.405Z,2024-03-12T20:47:23.956Z,,,
2024-03-12,unknown,sv1,01,2,1,"{""11"": 1}",1.0,arn:aws:braket:us-west-2:835581428919:quantum-task/be271383-fbae-4e6c-ad9e-be822a9c955f,2024-03-12T20:44:30.185Z,2024-03-12T20:44:31.312Z,,,
2024-03-12,unknown,sv1,00,5,1,"{""00"": 1}",1.0,arn:aws:braket:us-west-2:835581428919:quantum-task/be3bb68a-c8cb-44ad-a383-b34f72979bde,2024-03-12T20:36:07.659Z,2024-03-12T20:36:09.055Z,,,
2024-03-12,unknown,sv1,01,3,1,"{""10"": 1}",1.0,arn:aws:braket:us-west-2:835581428919:quantum-task/beb7dd26-fd1b-4a1c-a194-b1b332fa5c80,2024-03-12T19:48:22.777Z,2024-03-12T19:48:24.473Z,,,
2024-03-12,unknown,sv1,10,1,1,"{""11"": 1}",1.0,arn:aws:braket:us-west-2:835581428919:quantum-task/bf99111f-2928-40c8-8f17-19d7c55c08ac,2024-03-12T20:07:28.038Z,2024-03-12T20:07:29.407Z,,,
2024-03-12,unknown,sv1,01,4,1,"{""10"": 1}",1.0,arn:aws:braket:us-west-2:835581428919:quantum-task/bfd55402-d51b-492d-bb12-2fdcad55550d,2024-03-12T17:13:40.247Z,2024-03-12T17:13:41.622Z,,,
2024-03-12,unknown,sv1,01,4,1,"{""10"": 1}",1.0,arn:aws:braket:us-west-2:835581428919:quantum-task/c205c847-e204-4cb2-81a4-40bba7494973,2024-03-12T20:07:17.963Z,2024-03-12T20:07:21.461Z,,,
2024-03-12,unknown,sv1,10,6,1,"{""10"": 1}",1.0,arn:aws:braket:us-west-2:835581428919:quantum-task/c2c659b2-bc0b-4a7e-a924-6cd2d3205b97,2024-03-12T20:36:41.422Z,2024-03-12T20:36:42.909Z,,,
2024-03-12,unknown,sv1,01,6,1,"{""01"": 1}",1.0,arn:aws:braket:us-west-2:835581428919:quantum-task/c4e209cc-0cc1-4697-92c8-d36d6f2a9a83,2024-03-12T20:36:25.843Z,2024-03-12T20:36:27.112Z,,,
2024-03-12,unknown,sv1,00,5,1,"{""00"": 1}",1.0,arn:aws:braket:us-west-2:835581428919:quantum-task/c559cfbf-7ff9-498e-b6b0-874993d8e8c9,2024-03-12T20:44:22.387Z,2024-03-12T20:44:23.714Z,,,
2024-03-12,unknown,sv1,00,6,1,"{""00"": 1}",1.0,arn:aws:braket:us-west-2:835581428919:quantum-task/c631c398-ebe5-4893-add1-43012147d397,2024-03-12T20:07:07.132Z,2024-03-12T20:07:08.613Z,,,
2024-03-12,unknown,sv1,11,6,1,"{""11"": 1}",1.0,arn:aws:braket:us-west-2:835581428919:quantum-task/c703ac12-7aba-43ff-9e1a-1a935cfa75b2,2024-03-12T17:14:17.694Z,2024-03-12T17:14:19.108Z,,,
2024-03-12,unknown,sv1,10,4,1,"{""11"": 1}",1.0,arn:aws:braket:us-west-2:835581428919:quantum-task/c9acaf48-f200-4584-9fde-839ebae87d62,2024-03-12T20:47:01.445Z,2024-03-12T20:47:03.046Z,,,
2024-03-12,unknown,sv1,00,2,1,"{""00"": 1}",1.0,arn:aws:braket:us-west-2:835581428919:quantum-task/caad5543-9f74-4ab2-b2c4-bb2d290ffe43,2024-03-12T19:48:04.348Z,2024-03-12T19:48:06.115Z,,,
2024-03-12,unknown,sv1,10,6,1,"{""10"": 1}",1.0,arn:aws:braket:us-west-2:835581428919:quantum-task/cf016c7e-5d5f-46c0-968d-2450c9c3d866,2024-03-12T20:47:06.705Z,2024-03-12T20:47:07.876Z,,,
2024-03-12,unknown,sv1,00,6,1,"{""00"": 1}",1.0,arn:aws:braket:us-west-2:835581428919:quantum-task/d041ff1c-359e-4dab-8f98-b6dc90a291b0,2024-03-12T20:46:35.339Z,2024-03-12T20:46:36.790Z,,,
2024-03-12,unknown,sv1,10,4,1,"{""11"": 1}",1.0,arn:aws:braket:us-west-2:835581428919:quantum-task/d5c4ee9e-63c1-4297-ac17-b63b3951a36b,2024-03-12T17:13:55.898Z,2024-03-12T17:13:57.087Z,,,
2024-03-12,unknown,sv1,10,2,1,"{""01"": 1}",1.0,arn:aws:braket:us-west-2:835581428919:quantum-task/db3542df-1430-419b-a2f5-fb4ff75459b6,2024-03-12T20:46:56.240Z,2024-03-12T20:46:57.793Z,,,
2024-03-12,unknown,sv1,11,4,1,"{""01"": 1}",1.0,arn:aws:braket:us-west-2:835581428919:quantum-task/dc6d00fd-5d75-4d67-b7ed-fa319725bc99,2024-03-12T20:07:53.425Z,2024-03-12T20:07:57.546Z,,,
2024-03-12,unknown,sv1,00,6,1,"{""00"": 1}",1.0,arn:aws:braket:us-west-2:835581428919:quantum-task/dcaf9069-dd0d-40d1-9673-08f5eaf953ac,2024-03-12T17:13:29.654Z,2024-03-12T17:13:31.287Z,,,
2024-03-12,unknown,sv1,10,5,1,"{""10"": 1}",1.0,arn:aws:braket:us-west-2:835581428919:quantum-task/de40a99c-970a-4683-8fec-c9dca4a543fc,2024-03-12T19:48:43.830Z,2024-03-12T19:48:45.194Z,,,
2024-03-12,unknown,sv1,11,6,1,"{""11"": 1}",1.0,arn:aws:braket:us-west-2:835581428919:quantum-task/e184de0d-5f7a-4b9b-8e73-5d2dde3b01e0,2024-03-12T20:45:12.560Z,2024-03-12T20:45:14.197Z,,,
2024-03-12,unknown,sv1,11,2,1,"{""10"": 1}",1.0,arn:aws:braket:us-west-2:835581428919:quantum-task/e1a48c60-cb09-4c00-9c0e-e893fb729088,2024-03-12T20:47:11.884Z,2024-03-12T20:47:13.489Z,,,
2024-03-12,unknown,sv1,00,1,1,"{""00"": 1}",1.0,arn:aws:braket:us-west-2:835581428919:quantum-task/e1fb1179-8bac-4ffa-8178-f9df1d68df1b,2024-03-12T20:35:57.071Z,2024-03-12T20:35:58.421Z,,,
2024-03-12,unknown,sv1,00,2,1,"{""00"": 1}",1.0,arn:aws:braket:us-west-2:835581428919:quantum-task/e4e97496-a1ea-4ea4-ad8b-abeccbb8c1b0,2024-03-12T20:45:58.647Z,2024-03-12T20:46:24.411Z,,,
2024-03-12,unknown,sv1,01,1,1,"{""01"": 1}",1.0,arn:aws:braket:us-west-2:835581428919:quantum-task/e5401ba7-582a-4258-a085-83f51c0ae354,2024-03-12T17:13:32.315Z,2024-03-12T17:13:33.935Z,,,
2024-03-12,unknown,sv1,11,5,1,"{""01"": 1}",1.0,arn:aws:braket:us-west-2:835581428919:quantum-task/e7f9a592-5beb-4fc3-adf9-d415849a64f9,2024-03-12T20:47:19.719Z,2024-03-12T20:47:21.512Z,,,
2024-03-12,unknown,sv1,00,6,1,"{""00"": 1}",1.0,arn:aws:braket:us-west-2:835581428919:quantum-task/e889d7f8-f7e4-4703-8209-d8b9c765d411,2024-03-12T19:48:15.051Z,2024-03-12T19:48:16.521Z,,,
2024-03-12,unknown,sv1,10,5,1,"{""10"": 1}",1.0,arn:aws:braket:us-west-2:835581428919:quantum-task/eb0c19e7-6283-4733-a2df-05755277a432,2024-03-12T20:47:04.087Z,2024-03-12T20:47:05.393Z,,,
2024-03-12,unknown,sv1,00,1,1,"{""00"": 1}",1.0,arn:aws:braket:us-west-2:835581428919:quantum-task/ed0541e4-e8f0-416c-bca2-11e72c1aff65,2024-03-12T20:06:52.430Z,2024-03-12T20:06:54.648Z,,,
2024-03-12,unknown,sv1,10,4,1,"{""11"": 1}",1.0,arn:aws:braket:us-west-2:835581428919:quantum-task/f05cdda3-28af-4e5b-9b07-92e6d2ee90cd,2024-03-12T20:07:36.296Z,2024-03-12T20:07:38.086Z,,,
2024-03-12,unknown,sv1,00,5,1,"{""00"": 1}",1.0,arn:aws:braket:us-west-2:835581428919:quantum-task/f1f34518-c727-45f7-af12-45d8f288d4e7,2024-03-12T19:48:12.392Z,2024-03-12T19:48:14.153Z,,,
2024-03-12,unknown,sv1,01,2,1,"{""11"": 1}",1.0,arn:aws:braket:us-west-2:835581428919:quantum-task/f2b1e0eb-5ac4-4352-b9b5-654519ad0a8a,2024-03-12T19:48:20.196Z,2024-03-12T19:48:21.789Z,,,
2024-03-12,unknown,sv1,11,2,1,"{""10"": 1}",1.0,arn:aws:braket:us-west-2:835581428919:quantum-task/f363bc64-21d7-4b51-9fe8-ec9fa413b69b,2024-03-12T20:07:48.161Z,2024-03-12T20:07:49.845Z,,,
2024-03-12,unknown,sv1,00,4,1,"{""00"": 1}",1.0,arn:aws:braket:us-west-2:835581428919:quantum-task/f474c3b2-a218-4ff9-a346-e50b81c50ab5,2024-03-12T20:46:30.201Z,2024-03-12T20:46:31.709Z,,,
2024-03-12,unknown,sv1,00,2,1,"{""00"": 1}",1.0,arn:aws:braket:us-west-2:835581428919:quantum-task/f78f34ca-a6c3-4481-b0ae-7a3f0aca6813,2024-03-12T20:44:14.493Z,2024-03-12T20:44:16.231Z,,,
2024-03-12,unknown,sv1,11,5,1,"{""01"": 1}",1.0,arn:aws:braket:us-west-2:835581428919:quantum-task/fa97f91c-6712-44d0-a47b-8b5bbb5b7450,2024-03-12T19:48:59.247Z,2024-03-12T19:49:00.817Z,,,
2024-03-12,unknown,sv1,00,4,1,"{""00"": 1}",1.0,arn:aws:braket:us-west-2:835581428919:quantum-task/fb6c62e7-cc5c-4cc8-ba3c-b7dc14f8bbdf,2024-03-12T17:13:23.837Z,2024-03-12T17:13:25.456Z,,,
2024-03-12,unknown,sv1,10,4,1,"{""11"": 1}",1.0,arn:aws:braket:us-west-2:835581428919:quantum-task/fd521b7e-aa3b-471c-a3e3-74295ff4ab28,2024-03-12T20:44:51.721Z,2024-03-12T20:44:53.171Z,,,
2024-03-14,unknown,sv1,10,2,1,"{""01"": 1}",1.0,arn:aws:braket:us-west-2:835581428919:quantum-task/01f42568-fe26-402f-855d-34f090387eb4,2024-03-14T22:12:11.218Z,2024-03-14T22:12:12.550Z,,,
2024-03-14,unknown,sv1,11,1,1,"{""10"": 1}",1.0,arn:aws:braket:us-west-2:835581428919:quantum-task/02f6a3fd-98d5-4118-8dd7-807b47ebf4e5,2024-03-14T22:42:10.109Z,2024-03-14T22:42:11.439Z,,,
2024-03-14,unknown,sv1,10,4,1,"{""11"": 1}",1.0,arn:aws:braket:us-west-2:835581428919:quantum-task/05fe4a65-2af0-4ddd-8b4b-af056153f3e2,2024-03-14T22:12:16.485Z,2024-03-14T22:12:18.059Z,,,
2024-03-14,unknown,sv1,01,3,1,"{""10"": 1}",1.0,arn:aws:braket:us-west-2:835581428919:quantum-task/06e51c59-1778-4c99-8133-6391e357f4ae,2024-03-14T22:13:44.116Z,2024-03-14T22:13:45.757Z,,,
2024-03-14,unknown,sv1,00,5,1,"{""00"": 1}",1.0,arn:aws:braket:us-west-2:835581428919:quantum-task/0ef6073c-91e6-4514-8a80-4efae6d25665,2024-03-14T22:15:22.234Z,2024-03-14T22:15:23.866Z,,,
2024-03-14,unknown,sv1,00,3,1,"{""00"": 1}",1.0,arn:aws:braket:us-west-2:835581428919:quantum-task/11d50280-cd87-4898-aa94-edd53765fd38,2024-03-14T22:13:24.850Z,2024-03-14T22:13:26.485Z,,,
2024-03-14,unknown,sv1,11,1,1,"{""10"": 1}",1.0,arn:aws:braket:us-west-2:835581428919:quantum-task/139daf25-9a64-43ed-bff4-5c1a8ca9564d,2024-03-14T22:14:10.727Z,2024-03-14T22:14:12.306Z,,,
2024-03-14,unknown,sv1,00,6,1,"{""00"": 1}",1.0,arn:aws:braket:us-west-2:835581428919:quantum-task/1d4cc9ce-cf1a-4d3b-9683-e466a97aad19,2024-03-14T22:13:32.745Z,2024-03-14T22:13:36.377Z,,,
2024-03-14,unknown,sv1,01,6,1,"{""01"": 1}",1.0,arn:aws:braket:us-west-2:835581428919:quantum-task/1f03fb78-9ff6-45d8-8484-5dc2b1e19ceb,2024-03-14T22:12:05.933Z,2024-03-14T22:12:07.405Z,,,
2024-03-14,unknown,sv1,01,6,1,"{""01"": 1}",1.0,arn:aws:braket:us-west-2:835581428919:quantum-task/2202acc3-5e98-4d00-9ec4-ad8b74ab8d6e,2024-03-14T22:15:41.130Z,2024-03-14T22:15:42.706Z,,,
2024-03-14,unknown,sv1,00,1,1,"{""00"": 1}",1.0,arn:aws:braket:us-west-2:835581428919:quantum-task/25cebef8-320e-4ac9-b68b-7b17999b08b0,2024-03-14T22:11:36.430Z,2024-03-14T22:11:37.830Z,,,
2024-03-14,unknown,sv1,10,2,1,"{""01"": 1}",1.0,arn:aws:braket:us-west-2:835581428919:quantum-task/27ae832a-eeb9-4fce-bfd9-7e5f11994fd5,2024-03-14T22:13:57.394Z,2024-03-14T22:13:58.765Z,,,
2024-03-14,unknown,sv1,01,2,1,"{""11"": 1}",1.0,arn:aws:braket:us-west-2:835581428919:quantum-task/27f63076-dac1-4703-bbd3-e98ee345254c,2024-03-14T22:13:40.365Z,2024-03-14T22:13:42.931Z,,,
2024-03-14,unknown,sv1,11,1,1,"{""10"": 1}",1.0,arn:aws:braket:us-west-2:835581428919:quantum-task/2c1f6bfc-f328-4d67-985c-0ad7b9769955,2024-03-14T22:16:00.565Z,2024-03-14T22:16:02.149Z,,,
2024-03-14,unknown,sv1,10,5,1,"{""10"": 1}",1.0,arn:aws:braket:us-west-2:835581428919:quantum-task/2cc697f2-5551-4327-b2d5-ae53acd2fc4b,2024-03-14T22:12:19.186Z,2024-03-14T22:12:20.782Z,,,
2024-03-14,unknown,sv1,00,5,1,"{""00"": 1}",1.0,arn:aws:braket:us-west-2:835581428919:quantum-task/3134eec7-8ebd-4b44-8f25-54abd4352f83,2024-03-14T22:13:30.143Z,2024-03-14T22:13:31.729Z,,,
2024-03-14,unknown,sv1,01,2,1,"{""11"": 1}",1.0,arn:aws:braket:us-west-2:835581428919:quantum-task/31b80cfa-5643-41f8-9d55-46aaa4ee655a,2024-03-14T22:41:38.788Z,2024-03-14T22:41:40.454Z,,,
2024-03-14,unknown,sv1,00,3,1,"{""00"": 1}",1.0,arn:aws:braket:us-west-2:835581428919:quantum-task/3a9d0c76-5633-4b43-aded-f62a4d2da8f7,2024-03-14T22:41:02.847Z,2024-03-14T22:41:04.667Z,,,
2024-03-14,unknown,sv1,01,1,1,"{""01"": 1}",1.0,arn:aws:braket:us-west-2:835581428919:quantum-task/3c3eaabf-ca6d-45e5-ab1f-1b3529546cf9,2024-03-14T22:11:52.627Z,2024-03-14T22:11:54.129Z,,,
2024-03-14,unknown,sv1,01,2,1,"{""11"": 1}",1.0,arn:aws:braket:us-west-2:835581428919:quantum-task/3dfcdeaf-0882-43e2-b612-bd7caf6e92ca,2024-03-14T22:11:55.333Z,2024-03-14T22:11:57.026Z,,,
2024-03-14,unknown,sv1,10,3,1,"{""01"": 1}",1.0,arn:aws:braket:us-west-2:835581428919:quantum-task/3e0a3f4a-8c2b-4805-a9db-082ef4f2d0b5,2024-03-14T22:15:49.046Z,2024-03-14T22:15:50.410Z,,,
2024-03-14,unknown,sv1,11,3,1,"{""11"": 1}",1.0,arn:aws:braket:us-west-2:835581428919:quantum-task/3e2a4f50-61d9-4bc8-8dca-1036e0be4736,2024-03-14T22:12:29.712Z,2024-03-14T22:12:31.308Z,,,
2024-03-14,unknown,sv1,00,6,1,"{""00"": 1}",1.0,arn:aws:braket:us-west-2:835581428919:quantum-task/3ec6ecf5-1f4b-4af1-8614-a7b99c5feef0,2024-03-14T22:41:11.042Z,2024-03-14T22:41:12.627Z,,,
2024-03-14,unknown,sv1,01,3,1,"{""10"": 1}",1.0,arn:aws:braket:us-west-2:835581428919:quantum-task/3f14826b-88b2-4e50-8603-c10e6f32890c,2024-03-14T22:11:57.998Z,2024-03-14T22:11:59.173Z,,,
2024-03-14,unknown,sv1,00,2,1,"{""00"": 1}",1.0,arn:aws:braket:us-west-2:835581428919:quantum-task/44510bb0-c38b-4aae-a58f-96eeeeda1fa9,2024-03-14T22:13:22.099Z,2024-03-14T22:13:24.004Z,,,
2024-03-14,unknown,sv1,11,5,1,"{""01"": 1}",1.0,arn:aws:braket:us-west-2:835581428919:quantum-task/46708ad8-4c8d-410e-9ef4-65ebac19a57a,2024-03-14T22:12:35.157Z,2024-03-14T22:12:36.348Z,,,
2024-03-14,unknown,sv1,01,5,1,"{""11"": 1}",1.0,arn:aws:braket:us-west-2:835581428919:quantum-task/46b333ef-864a-443d-8767-20cd65828665,2024-03-14T22:41:48.825Z,2024-03-14T22:41:50.451Z,,,
2024-03-14,unknown,sv1,11,3,1,"{""11"": 1}",1.0,arn:aws:braket:us-west-2:835581428919:quantum-task/4eb5f1df-b378-44bb-ada4-a3ea007170a5,2024-03-14T22:42:15.409Z,2024-03-14T22:42:16.800Z,,,
2024-03-14,unknown,sv1,00,2,1,"{""00"": 1}",1.0,arn:aws:braket:us-west-2:835581428919:quantum-task/5036c133-2bbc-47ff-a33a-6529cde39a9f,2024-03-14T22:15:11.910Z,2024-03-14T22:15:13.386Z,,,
2024-03-14,unknown,sv1,01,5,1,"{""11"": 1}",1.0,arn:aws:braket:us-west-2:835581428919:quantum-task/51c035c7-ffa6-4200-b6fc-96a33ce3565b,2024-03-14T22:13:49.415Z,2024-03-14T22:13:50.765Z,,,
2024-03-14,unknown,sv1,00,1,1,"{""00"": 1}",1.0,arn:aws:braket:us-west-2:835581428919:quantum-task/55ee2656-8015-43f0-819e-a6156f68ba3b,2024-03-14T22:13:19.349Z,2024-03-14T22:13:20.879Z,,,
2024-03-14,unknown,sv1,10,4,1,"{""11"": 1}",1.0,arn:aws:braket:us-west-2:835581428919:quantum-task/565a9abb-55dd-4faa-b5b2-ac5299b44455,2024-03-14T22:42:02.118Z,2024-03-14T22:42:03.538Z,,,
2024-03-14,unknown,sv1,00,4,1,"{""00"": 1}",1.0,arn:aws:braket:us-west-2:835581428919:quantum-task/5679383b-7169-4ab7-98c3-0aadd6f3728d,2024-03-14T22:41:27.884Z,2024-03-14T22:41:29.223Z,,,
2024-03-14,unknown,sv1,00,2,1,"{""00"": 1}",1.0,arn:aws:braket:us-west-2:835581428919:quantum-task/5828acc3-fe70-4532-8bda-dad7662f0579,2024-03-14T22:41:22.595Z,2024-03-14T22:41:23.921Z,,,
2024-03-14,unknown,sv1,11,6,1,"{""11"": 1}",1.0,arn:aws:braket:us-west-2:835581428919:quantum-task/59701a88-ffe2-47ca-86a3-ac099b5e00ed,2024-03-14T22:12:38.193Z,2024-03-14T22:12:39.925Z,,,
2024-03-14,unknown,sv1,00,3,1,"{""00"": 1}",1.0,arn:aws:braket:us-west-2:835581428919:quantum-task/62f3dbc8-b265-4fd6-9122-0fd4b4f12f32,2024-03-14T22:15:14.586Z,2024-03-14T22:15:16.196Z,,,
2024-03-14,unknown,sv1,00,4,1,"{""00"": 1}",1.0,arn:aws:braket:us-west-2:835581428919:quantum-task/6496692c-272e-47ff-9f75-2af669ecef0e,2024-03-14T22:41:05.704Z,2024-03-14T22:41:07.015Z,,,
2024-03-14,unknown,sv1,01,3,1,"{""10"": 1}",1.0,arn:aws:braket:us-west-2:835581428919:quantum-task/64eebef5-e7b7-41a4-ab88-31a257a1333f,2024-03-14T22:41:41.479Z,2024-03-14T22:41:43.174Z,,,
2024-03-14,unknown,sv1,10,6,1,"{""10"": 1}",1.0,arn:aws:braket:us-west-2:835581428919:quantum-task/64f98d5a-4293-4bb6-96eb-91767be1f83e,2024-03-14T22:15:58.017Z,2024-03-14T22:15:59.557Z,,,
2024-03-14,unknown,sv1,11,2,1,"{""10"": 1}",1.0,arn:aws:braket:us-west-2:835581428919:quantum-task/67154641-af2a-4333-b794-c83255cab867,2024-03-14T22:12:27.097Z,2024-03-14T22:12:28.385Z,,,
2024-03-14,unknown,sv1,01,4,1,"{""10"": 1}",1.0,arn:aws:braket:us-west-2:835581428919:quantum-task/6b16316b-17ea-497a-b390-afb747a41825,2024-03-14T22:13:46.825Z,2024-03-14T22:13:48.123Z,,,
2024-03-14,unknown,sv1,10,5,1,"{""10"": 1}",1.0,arn:aws:braket:us-west-2:835581428919:quantum-task/6b1b6377-5f9b-4865-9cd5-d3c6943e4305,2024-03-14T22:15:55.419Z,2024-03-14T22:15:56.486Z,,,
2024-03-14,unknown,sv1,11,4,1,"{""01"": 1}",1.0,arn:aws:braket:us-west-2:835581428919:quantum-task/6bbf7da3-d68f-460d-9124-dc3896b7aee3,2024-03-14T22:14:18.558Z,2024-03-14T22:14:20.188Z,,,
2024-03-14,unknown,sv1,00,4,1,"{""00"": 1}",1.0,arn:aws:braket:us-west-2:835581428919:quantum-task/703d9487-cd36-4dd8-91de-62ae75e2c130,2024-03-14T22:11:44.751Z,2024-03-14T22:11:46.365Z,,,
2024-03-14,unknown,sv1,10,6,1,"{""10"": 1}",1.0,arn:aws:braket:us-west-2:835581428919:quantum-task/751797f0-3277-4b50-8142-d24c42c10b88,2024-03-14T22:14:07.994Z,2024-03-14T22:14:09.664Z,,,
2024-03-14,unknown,sv1,10,1,1,"{""11"": 1}",1.0,arn:aws:braket:us-west-2:835581428919:quantum-task/793e4bdd-a2cb-41ef-ad29-867798320319,2024-03-14T22:13:54.757Z,2024-03-14T22:13:56.085Z,,,
2024-03-14,unknown,sv1,10,1,1,"{""11"": 1}",1.0,arn:aws:braket:us-west-2:835581428919:quantum-task/798dffc1-68e5-4753-bec3-da1f1315af3f,2024-03-14T22:12:08.578Z,2024-03-14T22:12:09.925Z,,,
2024-03-14,unknown,sv1,00,1,1,"{""00"": 1}",1.0,arn:aws:braket:us-west-2:835581428919:quantum-task/7a3831d1-fd73-4996-94c7-60f9718221bb,2024-03-14T22:15:08.670Z,2024-03-14T22:15:10.365Z,,,
2024-03-14,unknown,sv1,11,5,1,"{""01"": 1}",1.0,arn:aws:braket:us-west-2:835581428919:quantum-task/7c28e767-f74b-43cc-a239-91425ec56c6e,2024-03-14T22:14:21.200Z,2024-03-14T22:14:22.707Z,,,
2024-03-14,unknown,sv1,10,4,1,"{""11"": 1}",1.0,arn:aws:braket:us-west-2:835581428919:quantum-task/7c4573a6-6195-4478-b826-0d382134ff49,2024-03-14T22:14:02.667Z,2024-03-14T22:14:04.070Z,,,
2024-03-14,unknown,sv1,01,2,1,"{""11"": 1}",1.0,arn:aws:braket:us-west-2:835581428919:quantum-task/804bb18a-7895-4595-9af2-a6567d36585f,2024-03-14T22:15:30.244Z,2024-03-14T22:15:31.864Z,,,
2024-03-14,unknown,sv1,00,2,1,"{""00"": 1}",1.0,arn:aws:braket:us-west-2:835581428919:quantum-task/814a397a-a865-4a9e-8ca7-8bf079845e38,2024-03-14T22:11:39.199Z,2024-03-14T22:11:40.704Z,,,
2024-03-14,unknown,sv1,00,2,1,"{""00"": 1}",1.0,arn:aws:braket:us-west-2:835581428919:quantum-task/81c465ba-410e-43aa-b1e9-19069665d68d,2024-03-14T22:41:00.120Z,2024-03-14T22:41:01.931Z,,,
2024-03-14,unknown,sv1,01,5,1,"{""11"": 1}",1.0,arn:aws:braket:us-west-2:835581428919:quantum-task/81daed2c-5bb6-4323-9463-4a733022c499,2024-03-14T22:15:38.523Z,2024-03-14T22:15:39.828Z,,,
2024-03-14,unknown,sv1,10,2,1,"{""01"": 1}",1.0,arn:aws:braket:us-west-2:835581428919:quantum-task/83118e9e-7744-45a6-8735-10a88403f6b3,2024-03-14T22:15:46.436Z,2024-03-14T22:15:48.045Z,,,
2024-03-14,unknown,sv1,10,3,1,"{""01"": 1}",1.0,arn:aws:braket:us-west-2:835581428919:quantum-task/83b30096-c881-4324-a6f1-a0aabec62054,2024-03-14T22:14:00.038Z,2024-03-14T22:14:01.626Z,,,
2024-03-14,unknown,sv1,11,2,1,"{""10"": 1}",1.0,arn:aws:braket:us-west-2:835581428919:quantum-task/86fe95d6-a42e-4c95-831c-05e7a6ecf404,2024-03-14T22:14:13.314Z,2024-03-14T22:14:14.771Z,,,
2024-03-14,unknown,sv1,10,6,1,"{""10"": 1}",1.0,arn:aws:braket:us-west-2:835581428919:quantum-task/898b855c-0b9f-401d-94c3-61bc676c8e40,2024-03-14T22:42:07.461Z,2024-03-14T22:42:08.710Z,,,
2024-03-14,unknown,sv1,10,5,1,"{""10"": 1}",1.0,arn:aws:braket:us-west-2:835581428919:quantum-task/8b0a8ead-f073-4e7c-a086-b8b8d9063e13,2024-03-14T22:42:04.703Z,2024-03-14T22:42:06.438Z,,,
2024-03-14,unknown,sv1,01,1,1,"{""01"": 1}",1.0,arn:aws:braket:us-west-2:835581428919:quantum-task/8c36d53a-f2bd-48d7-b45f-d95c7d38e89d,2024-03-14T22:13:37.662Z,2024-03-14T22:13:39.163Z,,,
2024-03-14,unknown,sv1,00,2,1,"{""00"": 1}",1.0,arn:aws:braket:us-west-2:835581428919:quantum-task/8cab5656-49fd-45e0-a656-f3f85849158e,2024-03-14T22:35:57.699Z,2024-03-14T22:35:59.759Z,,,
2024-03-14,unknown,sv1,01,6,1,"{""01"": 1}",1.0,arn:aws:braket:us-west-2:835581428919:quantum-task/8ce83250-5868-4add-82b4-e3b5baf491ef,2024-03-14T22:13:52.086Z,2024-03-14T22:13:53.688Z,,,
2024-03-14,unknown,sv1,00,1,1,"{""00"": 1}",1.0,arn:aws:braket:us-west-2:835581428919:quantum-task/8f991cd8-72ca-4a28-b73e-ae2650d7c7f8,2024-03-14T22:40:57.381Z,2024-03-14T22:40:58.654Z,,,
2024-03-14,unknown,sv1,10,6,1,"{""10"": 1}",1.0,arn:aws:braket:us-west-2:835581428919:quantum-task/8fb09bb2-7974-4ef2-b7bc-ead264d389e6,2024-03-14T22:12:21.837Z,2024-03-14T22:12:23.293Z,,,
2024-03-14,unknown,sv1,11,5,1,"{""01"": 1}",1.0,arn:aws:braket:us-west-2:835581428919:quantum-task/94620edf-374c-4ed3-af1c-d12659f76e3a,2024-03-14T22:42:20.928Z,2024-03-14T22:42:22.184Z,,,
2024-03-14,unknown,sv1,10,2,1,"{""01"": 1}",1.0,arn:aws:braket:us-west-2:835581428919:quantum-task/96f97626-2876-408b-9839-813bf5fef995,2024-03-14T22:41:56.904Z,2024-03-14T22:41:58.483Z,,,
2024-03-14,unknown,sv1,00,6,1,"{""00"": 1}",1.0,arn:aws:braket:us-west-2:835581428919:quantum-task/9815a22f-af7c-4681-95c5-eef42a638096,2024-03-14T22:15:24.938Z,2024-03-14T22:15:26.225Z,,,
2024-03-14,unknown,sv1,10,3,1,"{""01"": 1}",1.0,arn:aws:braket:us-west-2:835581428919:quantum-task/9a19c675-0c54-450c-835a-d370c86e6416,2024-03-14T22:41:59.523Z,2024-03-14T22:42:01.096Z,,,
2024-03-14,unknown,sv1,11,4,1,"{""01"": 1}",1.0,arn:aws:braket:us-west-2:835581428919:quantum-task/9c07e957-08a7-429b-ad86-352308f0ff81,2024-03-14T22:16:08.540Z,2024-03-14T22:16:09.886Z,,,
2024-03-14,unknown,sv1,01,4,1,"{""10"": 1}",1.0,arn:aws:braket:us-west-2:835581428919:quantum-task/9ee774f6-901d-47c1-b34c-18d12d91d5f5,2024-03-14T22:41:44.137Z,2024-03-14T22:41:47.580Z,,,
2024-03-14,unknown,sv1,01,6,1,"{""01"": 1}",1.0,arn:aws:braket:us-west-2:835581428919:quantum-task/a087acd1-ef8d-4ee0-ae78-ad76894c9c93,2024-03-14T22:41:51.435Z,2024-03-14T22:41:53.098Z,,,
2024-03-14,unknown,sv1,11,6,1,"{""11"": 1}",1.0,arn:aws:braket:us-west-2:835581428919:quantum-task/a117b08f-f0c9-4916-aab7-ddd119f4d61f,2024-03-14T22:14:23.880Z,2024-03-14T22:14:25.407Z,,,
2024-03-14,unknown,sv1,11,6,1,"{""11"": 1}",1.0,arn:aws:braket:us-west-2:835581428919:quantum-task/a45c56ef-82c3-4519-82a1-cc1e50c51737,2024-03-14T22:42:23.609Z,2024-03-14T22:42:24.776Z,,,
2024-03-14,unknown,sv1,11,1,1,"{""10"": 1}",1.0,arn:aws:braket:us-west-2:835581428919:quantum-task/adceb6b1-62a9-4d37-9731-669d6b273ea8,2024-03-14T22:12:24.475Z,2024-03-14T22:12:25.876Z,,,
2024-03-14,unknown,sv1,11,2,1,"{""10"": 1}",1.0,arn:aws:braket:us-west-2:835581428919:quantum-task/add01472-b571-4568-ba19-5acf7fbc6917,2024-03-14T22:16:03.173Z,2024-03-14T22:16:04.958Z,,,
2024-03-14,unknown,sv1,01,1,1,"{""01"": 1}",1.0,arn:aws:braket:us-west-2:835581428919:quantum-task/adecb0a0-8e59-4dd2-a0a0-2d6ea566fac9,2024-03-14T22:41:36.036Z,2024-03-14T22:41:37.372Z,,,
2024-03-14,unknown,sv1,00,1,1,"{""00"": 1}",1.0,arn:aws:braket:us-west-2:835581428919:quantum-task/b103d2fb-45a0-4f2c-a9d2-303208bcbfce,2024-03-14T22:35:54.953Z,2024-03-14T22:35:56.395Z,,,
2024-03-14,unknown,sv1,10,4,1,"{""11"": 1}",1.0,arn:aws:braket:us-west-2:835581428919:quantum-task/b225102c-2551-4bfe-b18b-cca08c567953,2024-03-14T22:15:51.659Z,2024-03-14T22:15:54.469Z,,,
2024-03-14,unknown,sv1,10,3,1,"{""01"": 1}",1.0,arn:aws:braket:us-west-2:835581428919:quantum-task/b4b8658d-9c3a-47e8-b70b-96e609e4b30c,2024-03-14T22:12:13.853Z,2024-03-14T22:12:15.229Z,,,
2024-03-14,unknown,sv1,01,5,1,"{""11"": 1}",1.0,arn:aws:braket:us-west-2:835581428919:quantum-task/b51f58af-6793-4fe7-85fa-aaf91e6f7c9c,2024-03-14T22:12:03.264Z,2024-03-14T22:12:05.086Z,,,
2024-03-14,unknown,sv1,00,4,1,"{""00"": 1}",1.0,arn:aws:braket:us-west-2:835581428919:quantum-task/b88f1a2f-4c69-4fa0-894b-3238114a097a,2024-03-14T22:15:17.332Z,2024-03-14T22:15:21.183Z,,,
2024-03-14,unknown,sv1,11,5,1,"{""01"": 1}",1.0,arn:aws:braket:us-west-2:835581428919:quantum-task/b9f8cd19-ec2d-48f0-8cbc-c024e6b9d584,2024-03-14T22:16:11.162Z,2024-03-14T22:16:13.988Z,,,
2024-03-14,unknown,sv1,01,4,1,"{""10"": 1}",1.0,arn:aws:braket:us-west-2:835581428919:quantum-task/ba5db04a-33d7-4289-9756-09b2a8182777,2024-03-14T22:15:35.657Z,2024-03-14T22:15:36.919Z,,,
2024-03-14,unknown,sv1,00,5,1,"{""00"": 1}",1.0,arn:aws:braket:us-west-2:835581428919:quantum-task/c2b5c098-59c0-41d0-822f-775195602b9a,2024-03-14T22:41:08.408Z,2024-03-14T22:41:09.938Z,,,
2024-03-14,unknown,sv1,00,6,1,"{""00"": 1}",1.0,arn:aws:braket:us-west-2:835581428919:quantum-task/c3aaaf65-399a-4d33-b5ef-bd16e8f9bffc,2024-03-14T22:41:33.235Z,2024-03-14T22:41:35.016Z,,,
2024-03-14,unknown,sv1,11,3,1,"{""11"": 1}",1.0,arn:aws:braket:us-west-2:835581428919:quantum-task/c3acee6f-66d7-40bf-96fb-5e4a93410e0e,2024-03-14T22:14:15.913Z,2024-03-14T22:14:17.088Z,,,
2024-03-14,unknown,sv1,00,5,1,"{""00"": 1}",1.0,arn:aws:braket:us-west-2:835581428919:quantum-task/c448868b-f714-4c8b-8291-8defd389fff3,2024-03-14T22:11:47.407Z,2024-03-14T22:11:49.548Z,,,
2024-03-14,unknown,sv1,11,4,1,"{""01"": 1}",1.0,arn:aws:braket:us-west-2:835581428919:quantum-task/c5f0841c-c130-45aa-a299-1c0851c9393c,2024-03-14T22:42:18.105Z,2024-03-14T22:42:20.123Z,,,
2024-03-14,unknown,sv1,11,2,1,"{""10"": 1}",1.0,arn:aws:braket:us-west-2:835581428919:quantum-task/c71ad1ac-b7e5-4de0-9be6-bd3873d9451d,2024-03-14T22:42:12.729Z,2024-03-14T22:42:14.268Z,,,
2024-03-14,unknown,sv1,11,4,1,"{""01"": 1}",1.0,arn:aws:braket:us-west-2:835581428919:quantum-task/cebd800b-122e-4000-ba9f-b8af14ce397a,2024-03-14T22:12:32.377Z,2024-03-14T22:12:33.866Z,,,
2024-03-14,unknown,sv1,00,3,1,"{""00"": 1}",1.0,arn:aws:braket:us-west-2:835581428919:quantum-task/cf52ad19-a8b2-44a8-a070-9e2837c1b565,2024-03-14T22:11:42.135Z,2024-03-14T22:11:43.498Z,,,
2024-03-14,unknown,sv1,00,3,1,"{""00"": 1}",1.0,arn:aws:braket:us-west-2:835581428919:quantum-task/d0ea7822-c05a-484d-a8cd-1193b7ea97ec,2024-03-14T22:41:25.157Z,2024-03-14T22:41:26.766Z,,,
2024-03-14,unknown,sv1,01,1,1,"{""01"": 1}",1.0,arn:aws:braket:us-west-2:835581428919:quantum-task/d419b605-7068-4cef-8c7b-97d8dfb97cd9,2024-03-14T22:15:27.582Z,2024-03-14T22:15:29.113Z,,,
2024-03-14,unknown,sv1,11,3,1,"{""11"": 1}",1.0,arn:aws:braket:us-west-2:835581428919:quantum-task/d9ab56f5-ba94-41dd-b464-fc277e7bb1bd,2024-03-14T22:16:05.891Z,2024-03-14T22:16:07.525Z,,,
2024-03-14,unknown,sv1,01,4,1,"{""10"": 1}",1.0,arn:aws:braket:us-west-2:835581428919:quantum-task/dcdd20d2-c85a-4d91-b547-2871cae5dd79,2024-03-14T22:12:00.595Z,2024-03-14T22:12:02.158Z,,,
2024-03-14,unknown,sv1,00,1,1,"{""00"": 1}",1.0,arn:aws:braket:us-west-2:835581428919:quantum-task/e4304d45-7ce0-4cea-ba8a-e91d7bbcaca8,2024-03-14T22:41:19.767Z,2024-03-14T22:41:21.822Z,,,
2024-03-14,unknown,sv1,00,4,1,"{""00"": 1}",1.0,arn:aws:braket:us-west-2:835581428919:quantum-task/e493f4d5-c251-462a-9bd2-cafef2c77d7c,2024-03-14T22:13:27.470Z,2024-03-14T22:13:28.831Z,,,
2024-03-14,unknown,sv1,10,1,1,"{""11"": 1}",1.0,arn:aws:braket:us-west-2:835581428919:quantum-task/e514f514-dd32-4f86-a652-6570bcd536b3,2024-03-14T22:41:54.148Z,2024-03-14T22:41:55.761Z,,,
2024-03-14,unknown,sv1,00,5,1,"{""00"": 1}",1.0,arn:aws:braket:us-west-2:835581428919:quantum-task/e5395c82-d646-4b70-8e54-cc32630852aa,2024-03-14T22:41:30.575Z,2024-03-14T22:41:31.845Z,,,
2024-03-14,unknown,sv1,10,5,1,"{""10"": 1}",1.0,arn:aws:braket:us-west-2:835581428919:quantum-task/e9964544-b29f-460f-8216-9041f0ae5c33,2024-03-14T22:14:05.319Z,2024-03-14T22:14:06.987Z,,,
2024-03-14,unknown,sv1,01,3,1,"{""10"": 1}",1.0,arn:aws:braket:us-west-2:835581428919:quantum-task/ed9ec78e-852b-4ce0-a770-b7496f4b3683,2024-03-14T22:15:32.980Z,2024-03-14T22:15:34.324Z,,,
2024-03-14,unknown,sv1,00,6,1,"{""00"": 1}",1.0,arn:aws:braket:us-west-2:835581428919:quantum-task/eee3b5ca-7e68-483e-a838-8b7085534858,2024-03-14T22:11:49.989Z,2024-03-14T22:11:51.458Z,,,
2024-03-14,unknown,sv1,10,1,1,"{""11"": 1}",1.0,arn:aws:braket:us-west-2:835581428919:quantum-task/f2d15b46-6d95-4996-b7ae-57b77c6dea7f,2024-03-14T22:15:43.814Z,2024-03-14T22:15:45.110Z,,,
2024-03-14,unknown,sv1,11,6,1,"{""11"": 1}",1.0,arn:aws:braket:us-west-2:835581428919:quantum-task/f4d0a374-e221-45f9-8450-a48d55f98033,2024-03-14T22:16:14.909Z,2024-03-14T22:16:16.509Z,,,
2024-03-14,unknown,sv1,00,3,1,"{""00"": 1}",1.0,arn:aws:braket:us-west-2:835581428919:quantum-task/ff1a4e30-4c16-41c7-b8f6-8fa5e98f8667,2024-03-14T22:36:00.431Z,2024-03-14T22:36:04.242Z,,,
2025-10-04,unknown,sv1,00,1,1,"{""00"": 1}",1.0,arn:aws:braket:us-west-1:835581428919:quantum-task/0d9e18e0-76ab-43a2-a4fd-3e2dbf8d581c,2025-10-04T19:23:35.729Z,2025-10-04T19:23:37.021Z,,,
2025-10-04,unknown,sv1,01,5,1,"{""11"": 1}",1.0,arn:aws:braket:us-west-1:835581428919:quantum-task/0fb8d543-1b30-4087-8c59-f19e73bfcfe5,2025-10-04T19:23:58.917Z,2025-10-04T19:23:59.799Z,,,
2025-10-04,unknown,sv1,00,3,1,"{""00"": 1}",1.0,arn:aws:braket:us-west-1:835581428919:quantum-task/28ea96a2-0775-4246-8a06-9f6ca4d3bed0,2025-10-04T19:23:40.828Z,2025-10-04T19:23:41.736Z,,,
2025-10-04,unknown,sv1,01,3,1,"{""10"": 1}",1.0,arn:aws:braket:us-west-1:835581428919:quantum-task/369b11db-60a1-407f-bdc6-6f71af056720,2025-10-04T19:23:54.324Z,2025-10-04T19:23:55.375Z,,,
2025-10-04,unknown,sv1,00,2,1,"{""00"": 1}",1.0,arn:aws:braket:us-west-1:835581428919:quantum-task/3ff7d5db-83af-4d6b-9648-c94becf40b64,2025-10-04T19:23:39.035Z,2025-10-04T19:23:40.117Z,,,
2025-10-04,unknown,sv1,01,4,1,"{""10"": 1}",1.0,arn:aws:braket:us-west-1:835581428919:quantum-task/49424854-8534-4b79-b956-c69b2555052d,2025-10-04T19:23:56.096Z,2025-10-04T19:23:57.254Z,,,
2025-10-04,unknown,sv1,11,2,1,"{""10"": 1}",1.0,arn:aws:braket:us-west-1:835581428919:quantum-task/4d6009e1-2fdc-4634-b9ae-ab86d8889c35,2025-10-04T19:24:20.839Z,2025-10-04T19:24:21.831Z,,,
2025-10-04,unknown,sv1,11,4,1,"{""01"": 1}",1.0,arn:aws:braket:us-west-1:835581428919:quantum-task/5c537a5d-7ce3-4bad-bcdc-de202c30ba8c,2025-10-04T19:24:26.408Z,2025-10-04T19:24:27.295Z,,,
2025-10-04,unknown,sv1,11,3,1,"{""11"": 1}",1.0,arn:aws:braket:us-west-1:835581428919:quantum-task/747d3af9-0a31-4a9b-a0fd-c85de9debd35,2025-10-04T19:24:23.563Z,2025-10-04T19:24:24.817Z,,,
2025-10-04,unknown,sv1,00,4,1,"{""00"": 1}",1.0,arn:aws:braket:us-west-1:835581428919:quantum-task/8ef108e9-5c6c-456b-9fe9-44db11fbd957,2025-10-04T19:23:42.543Z,2025-10-04T19:23:43.560Z,,,
2025-10-04,unknown,sv1,10,2,1,"{""01"": 1}",1.0,arn:aws:braket:us-west-1:835581428919:quantum-task/a6441a44-7491-4005-9d55-9f381fbc1f4d,2025-10-04T19:24:05.192Z,2025-10-04T19:24:06.333Z,,,
2025-10-04,unknown,sv1,10,4,1,"{""11"": 1}",1.0,arn:aws:braket:us-west-1:835581428919:quantum-task/aa95a29f-e751-41a4-983b-8b6e71127e69,2025-10-04T19:24:10.780Z,2025-10-04T19:24:11.917Z,,,
2025-10-04,unknown,sv1,10,5,1,"{""10"": 1}",1.0,arn:aws:braket:us-west-1:835581428919:quantum-task/ac3fa8a9-bdf8-4d8a-937e-41f888e34b28,2025-10-04T19:24:13.561Z,2025-10-04T19:24:14.857Z,,,
2025-10-04,unknown,sv1,10,6,1,"{""10"": 1}",1.0,arn:aws:braket:us-west-1:835581428919:quantum-task/b4cbed2c-02d5-463e-b1c6-7f04be2cb40d,2025-10-04T19:24:16.380Z,2025-10-04T19:24:17.395Z,,,
2025-10-04,unknown,sv1,11,6,1,"{""11"": 1}",1.0,arn:aws:braket:us-west-1:835581428919:quantum-task/bed83d47-a2cb-4039-93ad-c60545586524,2025-10-04T19:24:30.927Z,2025-10-04T19:24:31.880Z,,,
2025-10-04,unknown,sv1,11,1,1,"{""10"": 1}",1.0,arn:aws:braket:us-west-1:835581428919:quantum-task/ca41e9ca-e005-4fec-84c2-05e0a2b5f49e,2025-10-04T19:24:18.030Z,2025-10-04T19:24:19.359Z,,,
2025-10-04,unknown,sv1,10,3,1,"{""01"": 1}",1.0,arn:aws:braket:us-west-1:835581428919:quantum-task/cf9cfabf-d4fe-44ef-b30b-4a227abcc51b,2025-10-04T19:24:08.013Z,2025-10-04T19:24:09.080Z,,,
2025-10-04,unknown,sv1,01,6,1,"{""01"": 1}",1.0,arn:aws:braket:us-west-1:835581428919:quantum-task/d20b5075-7b6d-4f2d-a100-c631f451fa19,2025-10-04T19:24:00.677Z,2025-10-04T19:24:01.735Z,,,
2025-10-04,unknown,sv1,01,2,1,"{""11"": 1}",1.0,arn:aws:braket:us-west-1:835581428919:quantum-task/d32a15b3-8267-4201-8c14-d02b9adffbba,2025-10-04T19:23:51.518Z,2025-10-04T19:23:52.818Z,,,
2025-10-04,unknown,sv1,00,5,1,"{""00"": 1}",1.0,arn:aws:braket:us-west-1:835581428919:quantum-task/d3e5c912-e3e4-44b0-83fe-756149d9ee94,2025-10-04T19:23:44.244Z,2025-10-04T19:23:45.482Z,,,
2025-10-04,unknown,sv1,11,5,1,"{""01"": 1}",1.0,arn:aws:braket:us-west-1:835581428919:quantum-task/d527f595-8079-431f-b525-09d660c1b107,2025-10-04T19:24:28.106Z,2025-10-04T19:24:29.356Z,,,
2025-10-04,unknown,sv1,10,1,1,"{""11"": 1}",1.0,arn:aws:braket:us-west-1:835581428919:quantum-task/d9084bfc-de27-48ff-b010-e5f58d7f1f4c,2025-10-04T19:24:03.454Z,2025-10-04T19:24:04.395Z,,,
2025-10-04,unknown,sv1,01,1,1,"{""01"": 1}",1.0,arn:aws:braket:us-west-1:835581428919:quantum-task/ec9fe793-d189-4050-aaa6-9746ff3d33f1,2025-10-04T19:23:48.759Z,2025-10-04T19:23:50.012Z,,,
2025-10-04,unknown,sv1,00,6,1,"{""00"": 1}",1.0,arn:aws:braket:us-west-1:835581428919:quantum-task/f9023a9c-7062-47d0-a645-fd444fb079d0,2025-10-04T19:23:47.072Z,2025-10-04T19:23:48.058Z,,,
2025-10-24,unknown,sv1,11,1,1,"{""10"": 1}",1.0,arn:aws:braket:us-west-1:835581428919:quantum-task/0316913b-f3e5-4b37-aefb-475d25607a20,2025-10-24T17:52:35.354Z,2025-10-24T17:52:36.385Z,,,
2025-10-24,unknown,sv1,10,6,1,"{""10"": 1}",1.0,arn:aws:braket:us-west-1:835581428919:quantum-task/043bc1fb-5d14-42a8-987f-ad2d4602fe2d,2025-10-24T17:52:32.599Z,2025-10-24T17:52:33.891Z,,,
2025-10-24,unknown,sv1,01,1,1,"{""01"": 1}",1.0,arn:aws:braket:us-west-1:835581428919:quantum-task/0c20d0f0-b9ec-493e-8824-3ade7f1dc341,2025-10-24T17:52:06.437Z,2025-10-24T17:52:07.913Z,,,
2025-10-24,unknown,sv1,01,6,1,"{""01"": 1}",1.0,arn:aws:braket:us-west-1:835581428919:quantum-task/2e061f0b-dc8d-4438-b161-5ce8e674ca9f,2025-10-24T17:52:18.272Z,2025-10-24T17:52:19.380Z,,,
2025-10-24,unknown,sv1,01,4,1,"{""10"": 1}",1.0,arn:aws:braket:us-west-1:835581428919:quantum-task/3a4b30be-b36f-435c-af02-f7a7df07e7bf,2025-10-24T17:52:13.817Z,2025-10-24T17:52:14.891Z,,,
2025-10-24,unknown,sv1,11,3,1,"{""11"": 1}",1.0,arn:aws:braket:us-west-1:835581428919:quantum-task/3e470f3a-1603-4481-8e2a-6bb2fb746843,2025-10-24T17:52:39.739Z,2025-10-24T17:52:40.576Z,,,
2025-10-24,unknown,sv1,11,2,1,"{""10"": 1}",1.0,arn:aws:braket:us-west-1:835581428919:quantum-task/4f57ca72-c0e4-4a57-ae2e-36068b52c971,2025-10-24T17:52:37.032Z,2025-10-24T17:52:38.133Z,,,
2025-10-24,unknown,sv1,00,3,1,"{""00"": 1}",1.0,arn:aws:braket:us-west-1:835581428919:quantum-task/53bb5563-94f4-47a5-a05d-0bac317500d4,2025-10-24T17:51:54.696Z,2025-10-24T17:51:56.051Z,,,
2025-10-24,unknown,sv1,00,2,1,"{""00"": 1}",1.0,arn:aws:braket:us-west-1:835581428919:quantum-task/5bd265ea-148d-4ac8-b56f-dca571558ac7,2025-10-24T17:51:51.796Z,2025-10-24T17:51:52.879Z,,,
2025-10-24,unknown,sv1,10,4,1,"{""11"": 1}",1.0,arn:aws:braket:us-west-1:835581428919:quantum-task/6e0b49eb-0a24-48a8-8a90-201913433832,2025-10-24T17:52:27.036Z,2025-10-24T17:52:28.378Z,,,
2025-10-24,unknown,sv1,01,3,1,"{""10"": 1}",1.0,arn:aws:braket:us-west-1:835581428919:quantum-task/839850b6-da8c-475d-a6e0-ca6d98c99e08,2025-10-24T17:52:11.035Z,2025-10-24T17:52:12.438Z,,,
2025-10-24,unknown,sv1,10,5,1,"{""10"": 1}",1.0,arn:aws:braket:us-west-1:835581428919:quantum-task/90cc8a60-9a95-431a-a75f-41fd62e55141,2025-10-24T17:52:29.810Z,2025-10-24T17:52:31.074Z,,,
2025-10-24,unknown,sv1,11,4,1,"{""01"": 1}",1.0,arn:aws:braket:us-west-1:835581428919:quantum-task/a276c751-84ae-43ea-aad1-7a4556713422,2025-10-24T17:52:41.458Z,2025-10-24T17:52:42.615Z,,,
2025-10-24,unknown,sv1,11,6,1,"{""11"": 1}",1.0,arn:aws:braket:us-west-1:835581428919:quantum-task/a5016a94-6b9f-4a63-a722-fbf5cbd27347,2025-10-24T17:52:45.902Z,2025-10-24T17:52:47.091Z,,,
2025-10-24,unknown,sv1,10,2,1,"{""01"": 1}",1.0,arn:aws:braket:us-west-1:835581428919:quantum-task/ac55a3a8-ad9f-498c-a509-e69f65df19e5,2025-10-24T17:52:22.565Z,2025-10-24T17:52:23.793Z,,,
2025-10-24,unknown,sv1,01,2,1,"{""11"": 1}",1.0,arn:aws:braket:us-west-1:835581428919:quantum-task/b3b1710c-a94b-430a-8c97-d0ed58a3ee38,2025-10-24T17:52:09.287Z,2025-10-24T17:52:10.281Z,,,
2025-10-24,unknown,sv1,11,5,1,"{""01"": 1}",1.0,arn:aws:braket:us-west-1:835581428919:quantum-task/b51c36a7-3614-4ec1-97ec-8d87329bc5a8,2025-10-24T17:52:44.197Z,2025-10-24T17:52:45.218Z,,,
2025-10-24,unknown,sv1,00,5,1,"{""00"": 1}",1.0,arn:aws:braket:us-west-1:835581428919:quantum-task/c733a8f9-ba1c-4292-9e15-0651e0f794b1,2025-10-24T17:52:00.932Z,2025-10-24T17:52:02.415Z,,,
2025-10-24,unknown,sv1,00,6,1,"{""00"": 1}",1.0,arn:aws:braket:us-west-1:835581428919:quantum-task/d130fb88-cf39-4ab6-ae87-00820472525a,2025-10-24T17:52:03.677Z,2025-10-24T17:52:04.853Z,,,
2025-10-24,unknown,sv1,00,1,1,"{""00"": 1}",1.0,arn:aws:braket:us-west-1:835581428919:quantum-task/d1fd96ef-d064-4b03-ae28-3e644df12e5d,2025-10-24T17:51:48.774Z,2025-10-24T17:51:50.223Z,,,
2025-10-24,unknown,sv1,01,5,1,"{""11"": 1}",1.0,arn:aws:braket:us-west-1:835581428919:quantum-task/d3b468e6-4052-401e-8313-81af8001b2ce,2025-10-24T17:52:16.620Z,2025-10-24T17:52:17.514Z,,,
2025-10-24,unknown,sv1,00,4,1,"{""00"": 1}",1.0,arn:aws:braket:us-west-1:835581428919:quantum-task/d9d258af-af6e-4114-a277-cfa6102331ed,2025-10-24T17:51:57.454Z,2025-10-24T17:51:58.781Z,,,
2025-10-24,unknown,sv1,10,3,1,"{""01"": 1}",1.0,arn:aws:braket:us-west-1:835581428919:quantum-task/e461ba8e-be09-4656-b803-46be6ffa3d72,2025-10-24T17:52:25.336Z,2025-10-24T17:52:26.339Z,,,
2025-10-24,unknown,sv1,10,1,1,"{""11"": 1}",1.0,arn:aws:braket:us-west-1:835581428919:quantum-task/f66a9784-c309-4815-93bc-aa5d9f8e26c1,2025-10-24T17:52:20.912Z,2025-10-24T17:52:21.936Z,,,
2025-10-31,unknown,sv1,11,4,1,"{""01"": 1}",1.0,arn:aws:braket:us-west-1:835581428919:quantum-task/021e97f4-ed4b-4f7f-9a9b-8fa7b21d014a,2025-10-31T13:31:44.217Z,2025-10-31T13:31:45.398Z,,,
2025-10-31,unknown,sv1,10,4,1,"{""11"": 1}",1.0,arn:aws:braket:us-west-1:835581428919:quantum-task/12b78812-5f8a-4db3-a628-f97104c50ee0,2025-10-31T13:31:28.474Z,2025-10-31T13:31:29.840Z,,,
2025-10-31,unknown,sv1,11,3,1,"{""11"": 1}",1.0,arn:aws:braket:us-west-1:835581428919:quantum-task/18407031-83ea-4d35-99e9-8194b9cd0390,2025-10-31T13:31:41.357Z,2025-10-31T13:31:42.674Z,,,
2025-10-31,unknown,sv1,00,2,1,"{""00"": 1}",1.0,arn:aws:braket:us-west-1:835581428919:quantum-task/2ca25cde-56bf-4a99-96b1-18f35901335b,2025-10-31T13:30:51.305Z,2025-10-31T13:30:52.523Z,,,
2025-10-31,unknown,sv1,11,1,1,"{""10"": 1}",1.0,arn:aws:braket:us-west-1:835581428919:quantum-task/3569c7a9-b623-49ec-9a61-6b9b4cc7f96a,2025-10-31T13:31:36.844Z,2025-10-31T13:31:37.760Z,,,
2025-10-31,unknown,sv1,01,2,1,"{""11"": 1}",1.0,arn:aws:braket:us-west-1:835581428919:quantum-task/378e29eb-ef42-41f1-9c79-eda7d8d70212,2025-10-31T13:31:07.789Z,2025-10-31T13:31:08.899Z,,,
2025-10-31,unknown,sv1,01,6,1,"{""01"": 1}",1.0,arn:aws:braket:us-west-1:835581428919:quantum-task/52111b6e-0182-477c-8fcd-8d3a2f95f2e9,2025-10-31T13:31:19.504Z,2025-10-31T13:31:20.759Z,,,
2025-10-31,unknown,sv1,00,3,1,"{""00"": 1}",1.0,arn:aws:braket:us-west-1:835581428919:quantum-task/613338a3-f255-464b-ad00-e581803af687,2025-10-31T13:30:54.112Z,2025-10-31T13:30:55.361Z,,,
2025-10-31,unknown,sv1,10,3,1,"{""01"": 1}",1.0,arn:aws:braket:us-west-1:835581428919:quantum-task/6db2728d-967b-406c-9d64-639697ae07ab,2025-10-31T13:31:26.787Z,2025-10-31T13:31:27.755Z,,,
2025-10-31,unknown,sv1,01,3,1,"{""10"": 1}",1.0,arn:aws:braket:us-west-1:835581428919:quantum-task/730fd251-82e6-4a5d-af86-d408d96ff33c,2025-10-31T13:31:10.648Z,2025-10-31T13:31:12.017Z,,,
2025-10-31,unknown,sv1,00,4,1,"{""00"": 1}",1.0,arn:aws:braket:us-west-1:835581428919:quantum-task/7c9acb97-7e00-4412-a885-fa4ffd1d1f33,2025-10-31T13:30:56.978Z,2025-10-31T13:30:58.317Z,,,
2025-10-31,unknown,sv1,10,5,1,"{""10"": 1}",1.0,arn:aws:braket:us-west-1:835581428919:quantum-task/81ee8ac9-9cfa-44ab-b7de-724bb9da0f6b,2025-10-31T13:31:31.266Z,2025-10-31T13:31:32.434Z,,,
2025-10-31,unknown,sv1,11,5,1,"{""01"": 1}",1.0,arn:aws:braket:us-west-1:835581428919:quantum-task/83b68b33-11a4-4cc4-b613-9a0051f24911,2025-10-31T13:31:46.993Z,2025-10-31T13:31:48.198Z,,,
2025-10-31,unknown,sv1,01,1,1,"{""01"": 1}",1.0,arn:aws:braket:us-west-1:835581428919:quantum-task/a1972a2a-c1ac-45ad-a931-d600b32c6109,2025-10-31T13:31:05.512Z,2025-10-31T13:31:06.519Z,,,
2025-10-31,unknown,sv1,00,6,1,"{""00"": 1}",1.0,arn:aws:braket:us-west-1:835581428919:quantum-task/a27d5fc6-fa90-4ee0-9223-fd1892e808bc,2025-10-31T13:31:02.714Z,2025-10-31T13:31:04.082Z,,,
2025-10-31,unknown,sv1,00,5,1,"{""00"": 1}",1.0,arn:aws:braket:us-west-1:835581428919:quantum-task/a56f7172-d30b-4d81-82a8-3d9c1973b0e6,2025-10-31T13:30:59.851Z,2025-10-31T13:31:01.229Z,,,
2025-10-31,unknown,sv1,11,6,1,"{""11"": 1}",1.0,arn:aws:braket:us-west-1:835581428919:quantum-task/b17a0cca-8f0a-4e1e-b01b-4bf7c6882e9f,2025-10-31T13:31:49.791Z,2025-10-31T13:31:50.675Z,,,
2025-10-31,unknown,sv1,01,5,1,"{""11"": 1}",1.0,arn:aws:braket:us-west-1:835581428919:quantum-task/cf65af34-b524-4cb7-8a61-3b67aec2fddb,2025-10-31T13:31:16.290Z,2025-10-31T13:31:17.497Z,,,
2025-10-31,unknown,sv1,00,1,1,"{""00"": 1}",1.0,arn:aws:braket:us-west-1:835581428919:quantum-task/d1d7b6ee-3033-43c9-942b-fb3c4359f578,2025-10-31T13:30:48.289Z,2025-10-31T13:30:49.485Z,,,
2025-10-31,unknown,sv1,01,4,1,"{""10"": 1}",1.0,arn:aws:braket:us-west-1:835581428919:quantum-task/d4724557-d51a-404d-b8a5-01a9d2431415,2025-10-31T13:31:13.459Z,2025-10-31T13:31:14.538Z,,,
2025-10-31,unknown,sv1,10,1,1,"{""11"": 1}",1.0,arn:aws:braket:us-west-1:835581428919:quantum-task/e1829d62-5f63-4d1a-bebd-2b05f7ad11a2,2025-10-31T13:31:22.309Z,2025-10-31T13:31:23.293Z,,,
2025-10-31,unknown,sv1,11,2,1,"{""10"": 1}",1.0,arn:aws:braket:us-west-1:835581428919:quantum-task/e996f805-1082-4449-848b-989c21436754,2025-10-31T13:31:38.560Z,2025-10-31T13:31:39.918Z,,,
2025-10-31,unknown,sv1,10,6,1,"{""10"": 1}",1.0,arn:aws:braket:us-west-1:835581428919:quantum-task/e9fd184e-4905-416c-9aea-9d6a7b77db76,2025-10-31T13:31:34.042Z,2025-10-31T13:31:35.362Z,,,
2025-10-31,unknown,sv1,10,2,1,"{""01"": 1}",1.0,arn:aws:braket:us-west-1:835581428919:quantum-task/ee18d107-7041-430c-9922-5a9a3f9ffcdd,2025-10-31T13:31:25.088Z,2025-10-31T13:31:26.000Z,,,
2025-11-08,unknown,sv1,00,4,1,"{""00"": 1}",1.0,arn:aws:braket:us-west-1:835581428919:quantum-task/076b67b2-cbf0-4ff0-8d21-dc56a35fa676,2025-11-08T00:54:41.999Z,2025-11-08T00:54:43.420Z,,,
2025-11-08,unknown,sv1,00,5,1,"{""00"": 1}",1.0,arn:aws:braket:us-west-1:835581428919:quantum-task/1233c3b0-e730-45e1-9010-8b7085fd113b,2025-11-08T01:02:15.440Z,2025-11-08T01:02:16.515Z,,,
2025-11-08,unknown,sv1,11,4,1,"{""01"": 1}",1.0,arn:aws:braket:us-west-1:835581428919:quantum-task/12efab1e-e9f9-433e-bec0-de8f5727d07b,2025-11-08T01:02:54.766Z,2025-11-08T01:02:56.025Z,,,
2025-11-08,unknown,sv1,01,5,1,"{""11"": 1}",1.0,arn:aws:braket:us-west-1:835581428919:quantum-task/13314873-55c4-4881-904a-cf6181250374,2025-11-08T01:02:30.555Z,2025-11-08T01:02:31.710Z,,,
2025-11-08,unknown,sv1,10,6,1,"{""10"": 1}",1.0,arn:aws:braket:us-west-1:835581428919:quantum-task/28bd128b-abf3-4087-b1a1-a69d6e4be623,2025-11-08T01:02:44.666Z,2025-11-08T01:02:45.495Z,,,
2025-11-08,unknown,sv1,01,4,1,"{""10"": 1}",1.0,arn:aws:braket:us-west-1:835581428919:quantum-task/30c88d06-03f7-4c64-b586-815704f60135,2025-11-08T01:02:27.839Z,2025-11-08T01:02:29.040Z,,,
2025-11-08,unknown,sv1,10,2,1,"{""01"": 1}",1.0,arn:aws:braket:us-west-1:835581428919:quantum-task/3aec0ee8-bea6-4380-8666-0e49fe992935,2025-11-08T00:55:08.892Z,2025-11-08T00:55:10.139Z,,,
2025-11-08,unknown,sv1,10,5,1,"{""10"": 1}",1.0,arn:aws:braket:us-west-1:835581428919:quantum-task/50e3bb65-c20d-498d-b186-306a0ffdbe64,2025-11-08T00:55:19.569Z,2025-11-08T00:55:20.913Z,,,
2025-11-08,unknown,sv1,10,4,1,"{""11"": 1}",1.0,arn:aws:braket:us-west-1:835581428919:quantum-task/5346e76f-c602-4357-b54f-870eeb72e49f,2025-11-08T00:55:17.870Z,2025-11-08T00:55:18.938Z,,,
2025-11-08,unknown,sv1,00,5,1,"{""00"": 1}",1.0,arn:aws:braket:us-west-1:835581428919:quantum-task/53524498-8161-42b2-8d8f-30c68596633f,2025-11-08T00:54:44.775Z,2025-11-08T00:54:46.050Z,,,
2025-11-08,unknown,sv1,00,6,1,"{""00"": 1}",1.0,arn:aws:braket:us-west-1:835581428919:quantum-task/54fd9d50-0cef-4806-9932-739964b9498c,2025-11-08T00:54:47.520Z,2025-11-08T00:54:48.799Z,,,
2025-11-08,unknown,sv1,00,6,1,"{""00"": 1}",1.0,arn:aws:braket:us-west-1:835581428919:quantum-task/55858510-b20f-4a8a-aef9-6d55128dbf2c,2025-11-08T01:02:18.710Z,2025-11-08T01:02:19.889Z,,,
2025-11-08,unknown,sv1,10,5,1,"{""10"": 1}",1.0,arn:aws:braket:us-west-1:835581428919:quantum-task/64696b90-1f9c-4907-ab25-3d3b6927ed39,2025-11-08T01:02:41.946Z,2025-11-08T01:02:43.050Z,,,
2025-11-08,unknown,sv1,11,5,1,"{""01"": 1}",1.0,arn:aws:braket:us-west-1:835581428919:quantum-task/68a05624-6fbe-4c0a-bce7-f18d8aef1334,2025-11-08T00:55:34.195Z,2025-11-08T00:55:35.394Z,,,
2025-11-08,unknown,sv1,00,3,1,"{""00"": 1}",1.0,arn:aws:braket:us-west-1:835581428919:quantum-task/6ef84f5c-2218-4601-8b9d-3cea22f153be,2025-11-08T01:02:09.764Z,2025-11-08T01:02:10.814Z,,,
2025-11-08,unknown,sv1,01,1,1,"{""01"": 1}",1.0,arn:aws:braket:us-west-1:835581428919:quantum-task/752e5b7d-163a-4783-a2c2-07cfb389d61c,2025-11-08T00:54:50.336Z,2025-11-08T00:54:51.564Z,,,
2025-11-08,unknown,sv1,10,3,1,"{""01"": 1}",1.0,arn:aws:braket:us-west-1:835581428919:quantum-task/759c6dfe-9ef4-45f5-86eb-725e04ddc0a4,2025-11-08T00:55:11.623Z,2025-11-08T00:55:16.215Z,,,
2025-11-08,unknown,sv1,01,3,1,"{""10"": 1}",1.0,arn:aws:braket:us-west-1:835581428919:quantum-task/790db7d9-bea8-419a-823c-74637c5419ac,2025-11-08T00:54:55.882Z,2025-11-08T00:54:57.902Z,,,
2025-11-08,unknown,sv1,10,3,1,"{""01"": 1}",1.0,arn:aws:braket:us-west-1:835581428919:quantum-task/7dff1ea1-4a89-4397-bbcd-6576d8dfcefe,2025-11-08T01:02:38.576Z,2025-11-08T01:02:39.610Z,,,
2025-11-08,unknown,sv1,01,5,1,"{""11"": 1}",1.0,arn:aws:braket:us-west-1:835581428919:quantum-task/7ebcf58a-0d97-4f52-8614-5c23ec3562eb,2025-11-08T00:55:01.558Z,2025-11-08T00:55:02.541Z,,,
2025-11-08,unknown,sv1,10,6,1,"{""10"": 1}",1.0,arn:aws:braket:us-west-1:835581428919:quantum-task/7f6defc5-0f1e-4a0d-9708-658b08bc9fa7,2025-11-08T00:55:22.339Z,2025-11-08T00:55:23.321Z,,,
2025-11-08,unknown,sv1,01,4,1,"{""10"": 1}",1.0,arn:aws:braket:us-west-1:835581428919:quantum-task/82ef693a-e434-47f9-ae38-846a0cc016f8,2025-11-08T00:54:58.722Z,2025-11-08T00:55:00.152Z,,,
2025-11-08,unknown,sv1,11,2,1,"{""10"": 1}",1.0,arn:aws:braket:us-west-1:835581428919:quantum-task/99b94aba-a642-4069-ad2b-07c983bb937f,2025-11-08T01:02:49.164Z,2025-11-08T01:02:50.259Z,,,
2025-11-08,unknown,sv1,01,1,1,"{""01"": 1}",1.0,arn:aws:braket:us-west-1:835581428919:quantum-task/9b651382-9e81-4898-af69-82ab2b40232f,2025-11-08T01:02:21.537Z,2025-11-08T01:02:22.481Z,,,
2025-11-08,unknown,sv1,10,1,1,"{""11"": 1}",1.0,arn:aws:braket:us-west-1:835581428919:quantum-task/9c7f9a68-e4db-478e-86a8-227c8ab0226d,2025-11-08T00:55:06.112Z,2025-11-08T00:55:07.078Z,,,
2025-11-08,unknown,sv1,11,1,1,"{""10"": 1}",1.0,arn:aws:braket:us-west-1:835581428919:quantum-task/9ede1a53-dca4-4aa6-be86-7645dcd09712,2025-11-08T01:02:46.374Z,2025-11-08T01:02:47.508Z,,,
2025-11-08,unknown,sv1,00,2,1,"{""00"": 1}",1.0,arn:aws:braket:us-west-1:835581428919:quantum-task/9f12f79d-910a-4977-959a-aaff101fdb05,2025-11-08T00:54:36.478Z,2025-11-08T00:54:37.758Z,,,
2025-11-08,unknown,sv1,01,2,1,"{""11"": 1}",1.0,arn:aws:braket:us-west-1:835581428919:quantum-task/a15c6268-08aa-4793-ae41-add4b8d5b266,2025-11-08T00:54:53.153Z,2025-11-08T00:54:54.293Z,,,
2025-11-08,unknown,sv1,00,2,1,"{""00"": 1}",1.0,arn:aws:braket:us-west-1:835581428919:quantum-task/b0116811-a9d8-476f-8bdb-6d3a61e301bb,2025-11-08T01:02:06.895Z,2025-11-08T01:02:08.273Z,,,
2025-11-08,unknown,sv1,10,1,1,"{""11"": 1}",1.0,arn:aws:braket:us-west-1:835581428919:quantum-task/b1102807-1b66-411c-af9d-385b31339f70,2025-11-08T01:02:35.146Z,2025-11-08T01:02:36.036Z,,,
2025-11-08,unknown,sv1,11,3,1,"{""11"": 1}",1.0,arn:aws:braket:us-west-1:835581428919:quantum-task/b702b5f0-5e5b-4cf6-9a0d-63d168cd60de,2025-11-08T01:02:51.955Z,2025-11-08T01:02:53.260Z,,,
2025-11-08,unknown,sv1,00,1,1,"{""00"": 1}",1.0,arn:aws:braket:us-west-1:835581428919:quantum-task/bbf27d4e-2af9-4dd0-bc86-2195bb0487cf,2025-11-08T00:54:33.222Z,2025-11-08T00:54:34.739Z,,,
2025-11-08,unknown,sv1,01,2,1,"{""11"": 1}",1.0,arn:aws:braket:us-west-1:835581428919:quantum-task/bcc1410b-16c6-41d4-8b86-c27422c85653,2025-11-08T01:02:23.255Z,2025-11-08T01:02:24.672Z,,,
2025-11-08,unknown,sv1,00,3,1,"{""00"": 1}",1.0,arn:aws:braket:us-west-1:835581428919:quantum-task/c3f1707c-6cbf-4875-b679-032f05d2be5b,2025-11-08T00:54:39.289Z,2025-11-08T00:54:40.312Z,,,
2025-11-08,unknown,sv1,11,5,1,"{""01"": 1}",1.0,arn:aws:braket:us-west-1:835581428919:quantum-task/c7bb4d33-a860-477a-9f43-a7e5c8536e7e,2025-11-08T01:02:57.612Z,2025-11-08T01:02:58.752Z,,,
2025-11-08,unknown,sv1,11,2,1,"{""10"": 1}",1.0,arn:aws:braket:us-west-1:835581428919:quantum-task/cbb3d475-4906-45ef-8dfb-190abeebec54,2025-11-08T00:55:26.790Z,2025-11-08T00:55:27.874Z,,,
2025-11-08,unknown,sv1,11,6,1,"{""11"": 1}",1.0,arn:aws:braket:us-west-1:835581428919:quantum-task/d27393f6-a3a7-4b83-b286-340311b14e70,2025-11-08T00:55:36.962Z,2025-11-08T00:55:38.114Z,,,
2025-11-08,unknown,sv1,01,3,1,"{""10"": 1}",1.0,arn:aws:braket:us-west-1:835581428919:quantum-task/d57ccffc-0d23-49f5-b94e-4ceb7a98f21c,2025-11-08T01:02:26.085Z,2025-11-08T01:02:26.982Z,,,
2025-11-08,unknown,sv1,11,3,1,"{""11"": 1}",1.0,arn:aws:braket:us-west-1:835581428919:quantum-task/da50d1f1-d2f7-48c9-a181-c9e9716f28f1,2025-11-08T00:55:29.506Z,2025-11-08T00:55:30.556Z,,,
2025-11-08,unknown,sv1,00,4,1,"{""00"": 1}",1.0,arn:aws:braket:us-west-1:835581428919:quantum-task/de046d02-7603-43ab-a940-eb739dbe072a,2025-11-08T01:02:12.541Z,2025-11-08T01:02:13.635Z,,,
2025-11-08,unknown,sv1,11,4,1,"{""01"": 1}",1.0,arn:aws:braket:us-west-1:835581428919:quantum-task/e9ae7e55-e1b4-44de-8b02-a89c3f3af4b3,2025-11-08T00:55:32.248Z,2025-11-08T00:55:33.091Z,,,
2025-11-08,unknown,sv1,10,2,1,"{""01"": 1}",1.0,arn:aws:braket:us-west-1:835581428919:quantum-task/eb76e97c-944f-46ed-9e2d-153a53ed36a1,2025-11-08T01:02:36.904Z,2025-11-08T01:02:37.754Z,,,
2025-11-08,unknown,sv1,11,1,1,"{""10"": 1}",1.0,arn:aws:braket:us-west-1:835581428919:quantum-task/f20ef080-c010-45cb-9cb7-cd7392845647,2025-11-08T00:55:24.027Z,2025-11-08T00:55:25.112Z,,,
2025-11-08,unknown,sv1,01,6,1,"{""01"": 1}",1.0,arn:aws:braket:us-west-1:835581428919:quantum-task/f2b63c01-08fc-437b-9a19-d4b011e2df38,2025-11-08T01:02:33.413Z,2025-11-08T01:02:34.302Z,,,
2025-11-08,unknown,sv1,00,1,1,"{""00"": 1}",1.0,arn:aws:braket:us-west-1:835581428919:quantum-task/f44e8769-8101-4cd8-9787-e954ea4bb745,2025-11-08T01:02:05.053Z,2025-11-08T01:02:06.098Z,,,
2025-11-08,unknown,sv1,10,4,1,"{""11"": 1}",1.0,arn:aws:braket:us-west-1:835581428919:quantum-task/f99f2a1c-ce41-48e8-9797-ccdea30c8a01,2025-11-08T01:02:40.291Z,2025-11-08T01:02:41.196Z,,,
2025-11-08,unknown,sv1,11,6,1,"{""11"": 1}",1.0,arn:aws:braket:us-west-1:835581428919:quantum-task/fd3f3007-a872-44b2-a8cd-50cf74aa6c1a,2025-11-08T01:03:00.477Z,2025-11-08T01:03:02.491Z,,,
2025-11-08,unknown,sv1,01,6,1,"{""01"": 1}",1.0,arn:aws:braket:us-west-1:835581428919:quantum-task/fd8563d4-a10d-4665-b7e7-581428220269,2025-11-08T00:55:03.207Z,2025-11-08T00:55:04.350Z,,,
2025-11-14,unknown,sv1,11,6,1,"{""11"": 1}",1.0,arn:aws:braket:us-west-1:835581428919:quantum-task/1f8670f9-cd7f-432c-9049-2d0d595211b8,2025-11-14T18:10:33.748Z,2025-11-14T18:10:34.947Z,,,
2025-11-14,unknown,sv1,01,5,1,"{""11"": 1}",1.0,arn:aws:braket:us-west-1:835581428919:quantum-task/23aa59de-bba7-4811-a451-e53eafef0cce,2025-11-14T18:10:02.800Z,2025-11-14T18:10:04.167Z,,,
2025-11-14,unknown,sv1,10,3,1,"{""01"": 1}",1.0,arn:aws:braket:us-west-1:835581428919:quantum-task/3328c358-b805-42a9-b68f-e62856700888,2025-11-14T18:10:14.111Z,2025-11-14T18:10:15.043Z,,,
2025-11-14,unknown,sv1,11,1,1,"{""10"": 1}",1.0,arn:aws:braket:us-west-1:835581428919:quantum-task/3d2c3afd-d514-4217-9490-90bd21e2eef7,2025-11-14T18:10:21.944Z,2025-11-14T18:10:23.207Z,,,
2025-11-14,unknown,sv1,10,6,1,"{""10"": 1}",1.0,arn:aws:braket:us-west-1:835581428919:quantum-task/594efb63-35a4-479c-858d-a4a491c8cc00,2025-11-14T18:10:20.301Z,2025-11-14T18:10:21.165Z,,,
2025-11-14,unknown,sv1,00,2,1,"{""00"": 1}",1.0,arn:aws:braket:us-west-1:835581428919:quantum-task/65971edf-9819-4488-9735-328e7243ea1e,2025-11-14T18:09:38.810Z,2025-11-14T18:09:39.964Z,,,
2025-11-14,unknown,sv1,01,4,1,"{""10"": 1}",1.0,arn:aws:braket:us-west-1:835581428919:quantum-task/72dea09b-ddd6-4801-9632-202b4960ad79,2025-11-14T18:09:59.797Z,2025-11-14T18:10:01.043Z,,,
2025-11-14,unknown,sv1,00,3,1,"{""00"": 1}",1.0,arn:aws:braket:us-west-1:835581428919:quantum-task/829ac9a7-e2d6-407b-a108-a9f5391ec7c3,2025-11-14T18:09:41.696Z,2025-11-14T18:09:42.847Z,,,
2025-11-14,unknown,sv1,00,5,1,"{""00"": 1}",1.0,arn:aws:braket:us-west-1:835581428919:quantum-task/863276fc-ccb8-4f24-8973-cf2a769d3c70,2025-11-14T18:09:47.247Z,2025-11-14T18:09:48.422Z,,,
2025-11-14,unknown,sv1,01,3,1,"{""10"": 1}",1.0,arn:aws:braket:us-west-1:835581428919:quantum-task/8dadc018-a72b-4534-9abd-f96fad3cdd8c,2025-11-14T18:09:57.666Z,2025-11-14T18:09:58.625Z,,,
2025-11-14,unknown,sv1,01,1,1,"{""01"": 1}",1.0,arn:aws:braket:us-west-1:835581428919:quantum-task/964a3fda-3b71-4a55-a4cd-68259c3f8033,2025-11-14T18:09:52.917Z,2025-11-14T18:09:53.804Z,,,
2025-11-14,unknown,sv1,11,3,1,"{""11"": 1}",1.0,arn:aws:braket:us-west-1:835581428919:quantum-task/983dec84-1d8b-4b7f-a0d4-179ca527182a,2025-11-14T18:10:27.573Z,2025-11-14T18:10:28.545Z,,,
2025-11-14,unknown,sv1,00,4,1,"{""00"": 1}",1.0,arn:aws:braket:us-west-1:835581428919:quantum-task/c69d9cdf-3995-4d0f-926a-285d14238242,2025-11-14T18:09:44.461Z,2025-11-14T18:09:45.943Z,,,
2025-11-14,unknown,sv1,10,2,1,"{""01"": 1}",1.0,arn:aws:braket:us-west-1:835581428919:quantum-task/d57e3efd-d65a-46fa-8c6f-6313ba68d834,2025-11-14T18:10:11.334Z,2025-11-14T18:10:12.442Z,,,
2025-11-14,unknown,sv1,01,2,1,"{""11"": 1}",1.0,arn:aws:braket:us-west-1:835581428919:quantum-task/d6cbe711-52fe-444a-af5a-bc0668e269a2,2025-11-14T18:09:54.562Z,2025-11-14T18:09:56.197Z,,,
2025-11-14,unknown,sv1,00,1,1,"{""00"": 1}",1.0,arn:aws:braket:us-west-1:835581428919:quantum-task/df2e380d-c505-417a-a5aa-b90745af0f2d,2025-11-14T18:09:35.756Z,2025-11-14T18:09:37.026Z,,,
2025-11-14,unknown,sv1,11,5,1,"{""01"": 1}",1.0,arn:aws:braket:us-west-1:835581428919:quantum-task/e116ca3c-73ec-46c7-9dd4-dba6ad4a6dca,2025-11-14T18:10:30.971Z,2025-11-14T18:10:32.266Z,,,
2025-11-14,unknown,sv1,00,6,1,"{""00"": 1}",1.0,arn:aws:braket:us-west-1:835581428919:quantum-task/e9f7d987-e86d-4d6c-8d26-871ee4202066,2025-11-14T18:09:50.113Z,2025-11-14T18:09:51.327Z,,,
2025-11-14,unknown,sv1,10,5,1,"{""10"": 1}",1.0,arn:aws:braket:us-west-1:835581428919:quantum-task/eb09faab-38bd-4dd7-a897-cbe2e199a054,2025-11-14T18:10:18.581Z,2025-11-14T18:10:19.631Z,,,
2025-11-14,unknown,sv1,11,4,1,"{""01"": 1}",1.0,arn:aws:braket:us-west-1:835581428919:quantum-task/ec195ba4-a6e9-4900-af8c-bc8f9f59ded9,2025-11-14T18:10:29.279Z,2025-11-14T18:10:30.144Z,,,
2025-11-14,unknown,sv1,10,1,1,"{""11"": 1}",1.0,arn:aws:braket:us-west-1:835581428919:quantum-task/f12ff7ba-3860-4c92-9fe1-caabcfba5a46,2025-11-14T18:10:08.496Z,2025-11-14T18:10:09.845Z,,,
2025-11-14,unknown,sv1,10,4,1,"{""11"": 1}",1.0,arn:aws:braket:us-west-1:835581428919:quantum-task/f9509d07-7370-48ee-8988-0074ab9bff17,2025-11-14T18:10:15.792Z,2025-11-14T18:10:17.129Z,,,
2025-11-14,unknown,sv1,11,2,1,"{""10"": 1}",1.0,arn:aws:braket:us-west-1:835581428919:quantum-task/fdd110fd-0e59-490d-a407-9bcf12e6b9bc,2025-11-14T18:10:24.739Z,2025-11-14T18:10:25.939Z,,,
2025-11-14,unknown,sv1,01,6,1,"{""01"": 1}",1.0,arn:aws:braket:us-west-1:835581428919:quantum-task/ffa6221e-46f4-40a3-b06f-c338c892d52f,2025-11-14T18:10:05.639Z,2025-11-14T18:10:06.746Z,,,
2025-12-06,unknown,sv1,00,3,1,"{""00"": 1}",1.0,arn:aws:braket:us-west-1:835581428919:quantum-task/0327925b-26a2-429b-868c-450711eb605d,2025-12-06T18:47:11.315Z,2025-12-06T18:47:12.698Z,,,
2025-12-06,unknown,sv1,00,5,1,"{""00"": 1}",1.0,arn:aws:braket:us-west-1:835581428919:quantum-task/0e16434c-f663-410f-b1b3-2c2f0baafa59,2025-12-06T18:47:16.858Z,2025-12-06T18:47:17.723Z,,,
2025-12-06,unknown,sv1,11,4,1,"{""01"": 1}",1.0,arn:aws:braket:us-west-1:835581428919:quantum-task/23a95b61-5609-4201-80b4-404241dcdb75,2025-12-06T18:47:53.167Z,2025-12-06T18:47:54.998Z,,,
2025-12-06,unknown,sv1,10,5,1,"{""10"": 1}",1.0,arn:aws:braket:us-west-1:835581428919:quantum-task/25cf3ced-3596-41bd-ae45-6fb67803fb71,2025-12-06T18:47:41.853Z,2025-12-06T18:47:42.997Z,,,
2025-12-06,unknown,sv1,01,3,1,"{""10"": 1}",1.0,arn:aws:braket:us-west-1:835581428919:quantum-task/281be729-739d-44f5-bd6e-ccfa2f006190,2025-12-06T18:47:24.493Z,2025-12-06T18:47:25.838Z,,,
2025-12-06,unknown,sv1,10,2,1,"{""01"": 1}",1.0,arn:aws:braket:us-west-1:835581428919:quantum-task/346854f6-f106-4e9c-806e-7a3404e30cdf,2025-12-06T18:47:34.905Z,2025-12-06T18:47:35.677Z,,,
2025-12-06,unknown,sv1,11,5,1,"{""01"": 1}",1.0,arn:aws:braket:us-west-1:835581428919:quantum-task/3a7faddc-96a8-41be-ba0f-4e1ca82a0447,2025-12-06T18:47:55.809Z,2025-12-06T18:47:56.833Z,,,
2025-12-06,unknown,sv1,10,4,1,"{""11"": 1}",1.0,arn:aws:braket:us-west-1:835581428919:quantum-task/5647e2d3-9dc8-4770-98dd-18dc202176fb,2025-12-06T18:47:39.160Z,2025-12-06T18:47:40.375Z,,,
2025-12-06,unknown,sv1,01,4,1,"{""10"": 1}",1.0,arn:aws:braket:us-west-1:835581428919:quantum-task/5973731e-9920-4a70-a9b7-4fa75a4376fd,2025-12-06T18:47:27.216Z,2025-12-06T18:47:28.029Z,,,
2025-12-06,unknown,sv1,10,6,1,"{""10"": 1}",1.0,arn:aws:braket:us-west-1:835581428919:quantum-task/6389efa2-e66d-4743-93eb-ae1ab4e65a13,2025-12-06T18:47:44.520Z,2025-12-06T18:47:45.871Z,,,
2025-12-06,unknown,sv1,01,5,1,"{""11"": 1}",1.0,arn:aws:braket:us-west-1:835581428919:quantum-task/67fd469c-638b-44a2-a712-ee231822c8f0,2025-12-06T18:47:28.832Z,2025-12-06T18:47:29.817Z,,,
2025-12-06,unknown,sv1,10,3,1,"{""01"": 1}",1.0,arn:aws:braket:us-west-1:835581428919:quantum-task/6ef22bc7-6ca9-4f22-8c63-ad8e7e0d3587,2025-12-06T18:47:36.508Z,2025-12-06T18:47:37.513Z,,,
2025-12-06,unknown,sv1,01,6,1,"{""01"": 1}",1.0,arn:aws:braket:us-west-1:835581428919:quantum-task/736883b9-71a2-48af-8d13-ced61c4f7113,2025-12-06T18:47:30.502Z,2025-12-06T18:47:31.818Z,,,
2025-12-06,unknown,sv1,00,4,1,"{""00"": 1}",1.0,arn:aws:braket:us-west-1:835581428919:quantum-task/822b9a82-f0aa-4149-9770-cdf742c1fda8,2025-12-06T18:47:14.048Z,2025-12-06T18:47:15.473Z,,,
2025-12-06,unknown,sv1,11,6,1,"{""11"": 1}",1.0,arn:aws:braket:us-west-1:835581428919:quantum-task/865f0b97-8aab-4a71-b79e-160224df1976,2025-12-06T18:47:58.639Z,2025-12-06T18:47:59.594Z,,,
2025-12-06,unknown,sv1,11,1,1,"{""10"": 1}",1.0,arn:aws:braket:us-west-1:835581428919:quantum-task/a7e2b9cf-807f-4915-9c0c-469776e49717,2025-12-06T18:47:47.172Z,2025-12-06T18:47:48.255Z,,,
2025-12-06,unknown,sv1,11,2,1,"{""10"": 1}",1.0,arn:aws:braket:us-west-1:835581428919:quantum-task/c9bf2a06-82d5-4ef4-b410-5a6099c1273a,2025-12-06T18:47:49.873Z,2025-12-06T18:47:50.776Z,,,
2025-12-06,unknown,sv1,01,2,1,"{""11"": 1}",1.0,arn:aws:braket:us-west-1:835581428919:quantum-task/cafb8e7d-a22e-418d-b9b4-cf7cfe9c8424,2025-12-06T18:47:22.921Z,2025-12-06T18:47:23.758Z,,,
2025-12-06,unknown,sv1,01,1,1,"{""01"": 1}",1.0,arn:aws:braket:us-west-1:835581428919:quantum-task/cbc61510-5704-4280-b619-58177d3f53c0,2025-12-06T18:47:21.255Z,2025-12-06T18:47:22.196Z,,,
2025-12-06,unknown,sv1,00,6,1,"{""00"": 1}",1.0,arn:aws:braket:us-west-1:835581428919:quantum-task/da984f5b-8f3b-46f1-96ed-5adce46d5c93,2025-12-06T18:47:18.526Z,2025-12-06T18:47:19.738Z,,,
2025-12-06,unknown,sv1,10,1,1,"{""11"": 1}",1.0,arn:aws:braket:us-west-1:835581428919:quantum-task/ee43eb47-26b2-4953-b154-3d5dc3e51198,2025-12-06T18:47:33.200Z,2025-12-06T18:47:34.195Z,,,
2025-12-06,unknown,sv1,00,2,1,"{""00"": 1}",1.0,arn:aws:braket:us-west-1:835581428919:quantum-task/f6467b3d-b67b-43bf-8cf9-7371fbc59486,2025-12-06T18:47:08.520Z,2025-12-06T18:47:09.896Z,,,
2025-12-06,unknown,sv1,00,1,1,"{""00"": 1}",1.0,arn:aws:braket:us-west-1:835581428919:quantum-task/fb0f8184-c305-419a-869d-1f017b0df589,2025-12-06T18:47:05.550Z,2025-12-06T18:47:07.058Z,,,
2025-12-06,unknown,sv1,11,3,1,"{""11"": 1}",1.0,arn:aws:braket:us-west-1:835581428919:quantum-task/fddf5f68-4e7f-43e4-998c-2db9f9ed419d,2025-12-06T18:47:51.488Z,2025-12-06T18:47:52.356Z,,,
2025-12-13,unknown,sv1,10,1,1,"{""11"": 1}",1.0,arn:aws:braket:us-west-1:835581428919:quantum-task/07e96455-0779-4243-b00a-7ac8fa2b94ee,2025-12-13T00:22:44.951Z,2025-12-13T00:22:45.848Z,,,
2025-12-13,unknown,sv1,00,4,1,"{""00"": 1}",1.0,arn:aws:braket:us-west-1:835581428919:quantum-task/0a6f2c13-6b44-4f36-8ab6-a1311800fee9,2025-12-13T00:22:21.527Z,2025-12-13T00:22:22.823Z,,,
2025-12-13,unknown,sv1,00,3,1,"{""00"": 1}",1.0,arn:aws:braket:us-west-1:835581428919:quantum-task/192f96e0-00e6-4c93-bf8d-aaa19e77617b,2025-12-13T00:22:19.837Z,2025-12-13T00:22:20.720Z,,,
2025-12-13,unknown,sv1,01,1,1,"{""01"": 1}",1.0,arn:aws:braket:us-west-1:835581428919:quantum-task/1f22adfd-3ea3-47a4-bb31-ef056ce40504,2025-12-13T00:22:29.637Z,2025-12-13T00:22:31.906Z,,,
2025-12-13,unknown,sv1,00,2,1,"{""00"": 1}",1.0,arn:aws:braket:us-west-1:835581428919:quantum-task/23d7d84b-0fd8-4dd7-8f10-420e8960799a,2025-12-13T00:22:16.911Z,2025-12-13T00:22:18.242Z,,,
2025-12-13,unknown,sv1,01,2,1,"{""11"": 1}",1.0,arn:aws:braket:us-west-1:835581428919:quantum-task/3084e080-a412-4bed-b5a0-e984894aae88,2025-12-13T00:22:33.505Z,2025-12-13T00:22:35.009Z,,,
2025-12-13,unknown,sv1,11,2,1,"{""10"": 1}",1.0,arn:aws:braket:us-west-1:835581428919:quantum-task/3f148dd6-52ef-434b-991f-660a11e1f05c,2025-12-13T00:23:02.176Z,2025-12-13T00:23:03.132Z,,,
2025-12-13,unknown,sv1,10,5,1,"{""10"": 1}",1.0,arn:aws:braket:us-west-1:835581428919:quantum-task/651713eb-71b6-4401-a5f6-552301f85ec4,2025-12-13T00:22:53.676Z,2025-12-13T00:22:54.888Z,,,
2025-12-13,unknown,sv1,11,6,1,"{""11"": 1}",1.0,arn:aws:braket:us-west-1:835581428919:quantum-task/680fd5ad-0ae9-4f0e-8273-971fdaa64161,2025-12-13T00:23:10.121Z,2025-12-13T00:23:11.155Z,,,
2025-12-13,unknown,sv1,00,6,1,"{""00"": 1}",1.0,arn:aws:braket:us-west-1:835581428919:quantum-task/72f3c3b2-c43e-4ab4-b1f1-1f501fd2c418,2025-12-13T00:22:26.911Z,2025-12-13T00:22:28.196Z,,,
2025-12-13,unknown,sv1,11,3,1,"{""11"": 1}",1.0,arn:aws:braket:us-west-1:835581428919:quantum-task/767ad721-9b87-4ca7-8e13-cb0836d715d3,2025-12-13T00:23:03.898Z,2025-12-13T00:23:05.080Z,,,
2025-12-13,unknown,sv1,10,2,1,"{""01"": 1}",1.0,arn:aws:braket:us-west-1:835581428919:quantum-task/76bb804b-cbf5-4f6e-b33b-24b746eee5ed,2025-12-13T00:22:47.667Z,2025-12-13T00:22:48.605Z,,,
2025-12-13,unknown,sv1,00,5,1,"{""00"": 1}",1.0,arn:aws:braket:us-west-1:835581428919:quantum-task/77cb4b40-f552-42be-9395-c24f29b50225,2025-12-13T00:22:24.274Z,2025-12-13T00:22:25.558Z,,,
2025-12-13,unknown,sv1,11,1,1,"{""10"": 1}",1.0,arn:aws:braket:us-west-1:835581428919:quantum-task/88a8ffd2-38cf-481a-ae4f-369c3143e9e9,2025-12-13T00:22:59.078Z,2025-12-13T00:23:00.599Z,,,
2025-12-13,unknown,sv1,10,3,1,"{""01"": 1}",1.0,arn:aws:braket:us-west-1:835581428919:quantum-task/b9bd8c2e-0c55-4cef-8f10-6eb00cc6ff9d,2025-12-13T00:22:49.355Z,2025-12-13T00:22:50.395Z,,,
2025-12-13,unknown,sv1,00,1,1,"{""00"": 1}",1.0,arn:aws:braket:us-west-1:835581428919:quantum-task/c0b7fd67-15c4-4873-a4cc-d424d2ef2dc4,2025-12-13T00:22:13.698Z,2025-12-13T00:22:14.809Z,,,
2025-12-13,unknown,sv1,01,3,1,"{""10"": 1}",1.0,arn:aws:braket:us-west-1:835581428919:quantum-task/cb87c76b-8721-49b9-81bd-b08a5d6f6c3a,2025-12-13T00:22:36.155Z,2025-12-13T00:22:37.042Z,,,
2025-12-13,unknown,sv1,11,4,1,"{""01"": 1}",1.0,arn:aws:braket:us-west-1:835581428919:quantum-task/cd5f9699-083c-46d0-9413-0885f988132d,2025-12-13T00:23:06.738Z,2025-12-13T00:23:07.520Z,,,
2025-12-13,unknown,sv1,10,6,1,"{""10"": 1}",1.0,arn:aws:braket:us-west-1:835581428919:quantum-task/cf0f61be-98e5-495b-84e1-bbc07f940905,2025-12-13T00:22:56.363Z,2025-12-13T00:22:57.580Z,,,
2025-12-13,unknown,sv1,11,5,1,"{""01"": 1}",1.0,arn:aws:braket:us-west-1:835581428919:quantum-task/d2734303-3ee0-45b1-b837-2815e337a9c7,2025-12-13T00:23:08.432Z,2025-12-13T00:23:09.380Z,,,
2025-12-13,unknown,sv1,01,4,1,"{""10"": 1}",1.0,arn:aws:braket:us-west-1:835581428919:quantum-task/d2768570-2c62-4e5f-b3c7-dac97d5a7d43,2025-12-13T00:22:37.796Z,2025-12-13T00:22:39.101Z,,,
2025-12-13,unknown,sv1,01,5,1,"{""11"": 1}",1.0,arn:aws:braket:us-west-1:835581428919:quantum-task/d7ba4d00-cf4c-457c-988b-d2d1bc5fa4eb,2025-12-13T00:22:40.624Z,2025-12-13T00:22:41.541Z,,,
2025-12-13,unknown,sv1,01,6,1,"{""01"": 1}",1.0,arn:aws:braket:us-west-1:835581428919:quantum-task/ea55a221-6464-48f9-9a13-53b7e7bdcef6,2025-12-13T00:22:42.263Z,2025-12-13T00:22:43.347Z,,,
2025-12-13,unknown,sv1,10,4,1,"{""11"": 1}",1.0,arn:aws:braket:us-west-1:835581428919:quantum-task/ead412f4-12e7-4b69-b8c3-1e4181913760,2025-12-13T00:22:52.056Z,2025-12-13T00:22:52.962Z,,,
2025-12-19,unknown,sv1,11,2,1,"{""10"": 1}",1.0,arn:aws:braket:us-west-1:835581428919:quantum-task/11b69a19-f1f9-41ec-a3fd-1052b52b17ae,2025-12-19T19:28:12.167Z,2025-12-19T19:28:13.212Z,,,
2025-12-19,unknown,sv1,10,3,1,"{""01"": 1}",1.0,arn:aws:braket:us-west-1:835581428919:quantum-task/16274bd6-21e1-481c-ba51-3ac0a9bc55ff,2025-12-19T19:27:54.825Z,2025-12-19T19:27:59.631Z,,,
2025-12-19,unknown,sv1,11,3,1,"{""11"": 1}",1.0,arn:aws:braket:us-west-1:835581428919:quantum-task/1c23d710-7048-413a-9e75-4d8432f99ccd,2025-12-19T19:28:13.950Z,2025-12-19T19:28:15.063Z,,,
2025-12-19,unknown,sv1,01,1,1,"{""01"": 1}",1.0,arn:aws:braket:us-west-1:835581428919:quantum-task/220e26c9-bbc4-4698-b455-71a6cb064893,2025-12-19T19:27:36.023Z,2025-12-19T19:27:37.364Z,,,
2025-12-19,unknown,sv1,11,6,1,"{""11"": 1}",1.0,arn:aws:braket:us-west-1:835581428919:quantum-task/30cd6e05-4205-4f03-a9cd-b53787549ed6,2025-12-19T19:28:21.455Z,2025-12-19T19:28:22.674Z,,,
2025-12-19,unknown,sv1,00,4,1,"{""00"": 1}",1.0,arn:aws:braket:us-west-1:835581428919:quantum-task/40ea82ff-d2b3-4d5e-9379-722b2c5c0005,2025-12-19T19:27:27.519Z,2025-12-19T19:27:28.744Z,,,
2025-12-19,unknown,sv1,11,1,1,"{""10"": 1}",1.0,arn:aws:braket:us-west-1:835581428919:quantum-task/4890dbbd-b4e5-4f88-bf14-8e1288bbee98,2025-12-19T19:28:09.320Z,2025-12-19T19:28:10.559Z,,,
2025-12-19,unknown,sv1,10,5,1,"{""10"": 1}",1.0,arn:aws:braket:us-west-1:835581428919:quantum-task/726b5a01-e5b4-4c67-b4cf-7c865351808a,2025-12-19T19:28:04.435Z,2025-12-19T19:28:05.591Z,,,
2025-12-19,unknown,sv1,01,2,1,"{""11"": 1}",1.0,arn:aws:braket:us-west-1:835581428919:quantum-task/752b7558-94c9-4c0f-b3c5-93fc63df2bbd,2025-12-19T19:27:38.865Z,2025-12-19T19:27:40.007Z,,,
2025-12-19,unknown,sv1,10,6,1,"{""10"": 1}",1.0,arn:aws:braket:us-west-1:835581428919:quantum-task/79d8b5a3-de36-41d0-8244-55e37241579c,2025-12-19T19:28:07.366Z,2025-12-19T19:28:08.304Z,,,
2025-12-19,unknown,sv1,00,5,1,"{""00"": 1}",1.0,arn:aws:braket:us-west-1:835581428919:quantum-task/8009937b-ca9e-40e1-82b6-5784a4904a18,2025-12-19T19:27:30.343Z,2025-12-19T19:27:31.446Z,,,
2025-12-19,unknown,sv1,00,1,1,"{""00"": 1}",1.0,arn:aws:braket:us-west-1:835581428919:quantum-task/9a857dcd-9533-469c-bda1-a6907620af47,2025-12-19T19:27:18.792Z,2025-12-19T19:27:20.068Z,,,
2025-12-19,unknown,sv1,01,5,1,"{""11"": 1}",1.0,arn:aws:braket:us-west-1:835581428919:quantum-task/a5ef4fd0-1c7e-4d62-a502-d2005a0eab2d,2025-12-19T19:27:45.377Z,2025-12-19T19:27:46.543Z,,,
2025-12-19,unknown,sv1,11,5,1,"{""01"": 1}",1.0,arn:aws:braket:us-west-1:835581428919:quantum-task/addbddb5-a660-4a9d-9649-08f0f07533d9,2025-12-19T19:28:19.657Z,2025-12-19T19:28:20.620Z,,,
2025-12-19,unknown,sv1,01,6,1,"{""01"": 1}",1.0,arn:aws:braket:us-west-1:835581428919:quantum-task/ceb92e87-4e0b-4315-adfb-3f2a65d09ef0,2025-12-19T19:27:47.227Z,2025-12-19T19:27:48.584Z,,,
2025-12-19,unknown,sv1,10,1,1,"{""11"": 1}",1.0,arn:aws:braket:us-west-1:835581428919:quantum-task/d1e981ba-e6d9-4a63-8b18-c83f8ab5fd8a,2025-12-19T19:27:50.163Z,2025-12-19T19:27:51.023Z,,,
2025-12-19,unknown,sv1,10,2,1,"{""01"": 1}",1.0,arn:aws:braket:us-west-1:835581428919:quantum-task/d36ce8c1-dfd3-4f70-880d-f31ccc054012,2025-12-19T19:27:51.962Z,2025-12-19T19:27:53.184Z,,,
2025-12-19,unknown,sv1,00,6,1,"{""00"": 1}",1.0,arn:aws:braket:us-west-1:835581428919:quantum-task/d94e3122-6cfe-42a9-8782-cae4b4271eef,2025-12-19T19:27:33.162Z,2025-12-19T19:27:34.586Z,,,
2025-12-19,unknown,sv1,11,4,1,"{""01"": 1}",1.0,arn:aws:braket:us-west-1:835581428919:quantum-task/dcbc5b91-af9d-497c-8e1b-8ea3e4e827c0,2025-12-19T19:28:16.742Z,2025-12-19T19:28:18.025Z,,,
2025-12-19,unknown,sv1,01,3,1,"{""10"": 1}",1.0,arn:aws:braket:us-west-1:835581428919:quantum-task/dd9e825d-b0f2-4e76-bff4-6c3a350ba2d3,2025-12-19T19:27:41.815Z,2025-12-19T19:27:42.684Z,,,
2025-12-19,unknown,sv1,00,3,1,"{""00"": 1}",1.0,arn:aws:braket:us-west-1:835581428919:quantum-task/eb89ee16-518f-42cc-87ff-220a668d5474,2025-12-19T19:27:24.574Z,2025-12-19T19:27:25.931Z,,,
2025-12-19,unknown,sv1,00,2,1,"{""00"": 1}",1.0,arn:aws:braket:us-west-1:835581428919:quantum-task/eff76453-c0f7-413f-830f-1c67093db1bd,2025-12-19T19:27:21.671Z,2025-12-19T19:27:22.823Z,,,
2025-12-19,unknown,sv1,10,4,1,"{""11"": 1}",1.0,arn:aws:braket:us-west-1:835581428919:quantum-task/f345d3ce-5f04-4660-8be9-68485dd63aec,2025-12-19T19:28:01.443Z,2025-12-19T19:28:02.683Z,,,
2025-12-19,unknown,sv1,01,4,1,"{""10"": 1}",1.0,arn:aws:braket:us-west-1:835581428919:quantum-task/fb9143db-4a39-40ec-9fcb-210104b0de64,2025-12-19T19:27:43.562Z,2025-12-19T19:27:44.498Z,,,
2025-12-22,unknown,sv1,01,6,1,"{""01"": 1}",1.0,arn:aws:braket:us-west-1:835581428919:quantum-task/0f3042eb-2ca4-44b1-b3a3-2cdbb1099875,2025-12-22T20:06:52.449Z,2025-12-22T20:06:53.608Z,,,
2025-12-22,unknown,sv1,11,1,1,"{""10"": 1}",1.0,arn:aws:braket:us-west-1:835581428919:quantum-task/2cbc567d-d3d6-4786-8649-de37ab614717,2025-12-22T20:07:08.330Z,2025-12-22T20:07:09.577Z,,,
2025-12-22,unknown,sv1,11,5,1,"{""01"": 1}",1.0,arn:aws:braket:us-west-1:835581428919:quantum-task/31dd69ec-990e-4687-8d06-18b984a02278,2025-12-22T20:07:17.428Z,2025-12-22T20:07:18.595Z,,,
2025-12-22,unknown,sv1,00,2,1,"{""00"": 1}",1.0,arn:aws:braket:us-west-1:835581428919:quantum-task/451f860d-d13e-4af8-a06a-17713afc73c6,2025-12-22T20:06:30.530Z,2025-12-22T20:06:32.172Z,,,
2025-12-22,unknown,sv1,01,1,1,"{""01"": 1}",1.0,arn:aws:braket:us-west-1:835581428919:quantum-task/52d8f215-37e7-4679-8e78-41b315fa657e,2025-12-22T20:06:42.548Z,2025-12-22T20:06:43.826Z,,,
2025-12-22,unknown,sv1,01,2,1,"{""11"": 1}",1.0,arn:aws:braket:us-west-1:835581428919:quantum-task/5be47aaa-856b-4592-a856-3de0d567dfa7,2025-12-22T20:06:45.414Z,2025-12-22T20:06:46.412Z,,,
2025-12-22,unknown,sv1,00,5,1,"{""00"": 1}",1.0,arn:aws:braket:us-west-1:835581428919:quantum-task/60beeff2-82d2-4132-8d8a-45287162b5fa,2025-12-22T20:06:37.875Z,2025-12-22T20:06:38.847Z,,,
2025-12-22,unknown,sv1,10,5,1,"{""10"": 1}",1.0,arn:aws:braket:us-west-1:835581428919:quantum-task/719d44bc-63d0-4566-8c1b-2a496d759b65,2025-12-22T20:07:02.775Z,2025-12-22T20:07:03.933Z,,,
2025-12-22,unknown,sv1,11,6,1,"{""11"": 1}",1.0,arn:aws:braket:us-west-1:835581428919:quantum-task/736f2923-6dbe-49f6-b47e-e8abfc8f2ba0,2025-12-22T20:07:20.117Z,2025-12-22T20:07:21.316Z,,,
2025-12-22,unknown,sv1,00,3,1,"{""00"": 1}",1.0,arn:aws:braket:us-west-1:835581428919:quantum-task/75bd3980-aa68-4d15-864b-2ffb43c03c42,2025-12-22T20:06:33.359Z,2025-12-22T20:06:34.532Z,,,
2025-12-22,unknown,sv1,00,6,1,"{""00"": 1}",1.0,arn:aws:braket:us-west-1:835581428919:quantum-task/769a190a-f8c3-4537-8dee-0a1e9801084b,2025-12-22T20:06:39.643Z,2025-12-22T20:06:41.111Z,,,
2025-12-22,unknown,sv1,00,4,1,"{""00"": 1}",1.0,arn:aws:braket:us-west-1:835581428919:quantum-task/781499c8-ce68-4347-a149-cf99133ddefd,2025-12-22T20:06:36.107Z,2025-12-22T20:06:37.208Z,,,
2025-12-22,unknown,sv1,11,4,1,"{""01"": 1}",1.0,arn:aws:braket:us-west-1:835581428919:quantum-task/856a3be0-1e1e-435c-893f-9fa11dd413af,2025-12-22T20:07:15.709Z,2025-12-22T20:07:16.629Z,,,
2025-12-22,unknown,sv1,01,4,1,"{""10"": 1}",1.0,arn:aws:braket:us-west-1:835581428919:quantum-task/8cb373c0-6e79-4c74-8a6f-1928e8e2438b,2025-12-22T20:06:48.921Z,2025-12-22T20:06:49.890Z,,,
2025-12-22,unknown,sv1,01,5,1,"{""11"": 1}",1.0,arn:aws:braket:us-west-1:835581428919:quantum-task/a0415c77-8af3-4222-9b14-cba8fd99cc51,2025-12-22T20:06:50.704Z,2025-12-22T20:06:51.689Z,,,
2025-12-22,unknown,sv1,11,3,1,"{""11"": 1}",1.0,arn:aws:braket:us-west-1:835581428919:quantum-task/a3427f54-c59f-4d7a-b8aa-5ad076a663fd,2025-12-22T20:07:13.908Z,2025-12-22T20:07:14.973Z,,,
2025-12-22,unknown,sv1,10,6,1,"{""10"": 1}",1.0,arn:aws:braket:us-west-1:835581428919:quantum-task/a4cf7d2d-df2f-4422-82b4-909978496a58,2025-12-22T20:07:05.604Z,2025-12-22T20:07:06.760Z,,,
2025-12-22,unknown,sv1,11,2,1,"{""10"": 1}",1.0,arn:aws:braket:us-west-1:835581428919:quantum-task/a987e292-93d0-4ee1-9be3-a1836b6343a1,2025-12-22T20:07:11.007Z,2025-12-22T20:07:12.151Z,,,
2025-12-22,unknown,sv1,01,3,1,"{""10"": 1}",1.0,arn:aws:braket:us-west-1:835581428919:quantum-task/b0a38951-83bc-45f1-95d2-6c727c9965f1,2025-12-22T20:06:47.220Z,2025-12-22T20:06:48.236Z,,,
2025-12-22,unknown,sv1,10,2,1,"{""01"": 1}",1.0,arn:aws:braket:us-west-1:835581428919:quantum-task/b2b9734b-b758-455e-9660-e04cab57491b,2025-12-22T20:06:57.400Z,2025-12-22T20:06:58.412Z,,,
2025-12-22,unknown,sv1,00,1,1,"{""00"": 1}",1.0,arn:aws:braket:us-west-1:835581428919:quantum-task/d845a0c5-b4db-482a-888b-c721ee2b70f6,2025-12-22T20:06:27.547Z,2025-12-22T20:06:29.302Z,,,
2025-12-22,unknown,sv1,10,1,1,"{""11"": 1}",1.0,arn:aws:braket:us-west-1:835581428919:quantum-task/d9c59a00-4122-47e1-ac7b-1c05654322aa,2025-12-22T20:06:55.228Z,2025-12-22T20:06:56.191Z,,,
2025-12-22,unknown,sv1,10,3,1,"{""01"": 1}",1.0,arn:aws:braket:us-west-1:835581428919:quantum-task/e3bc87ec-18c8-4ded-b149-a0db030cbbe2,2025-12-22T20:06:59.352Z,2025-12-22T20:07:00.391Z,,,
2025-12-22,unknown,sv1,10,4,1,"{""11"": 1}",1.0,arn:aws:braket:us-west-1:835581428919:quantum-task/f16dc815-509f-471c-9fbe-bd5e9299a732,2025-12-22T20:07:01.029Z,2025-12-22T20:07:01.959Z,,,
2026-01-09,unknown,sv1,00,4,1,"{""00"": 1}",1.0,arn:aws:braket:us-west-1:835581428919:quantum-task/20352bfa-383d-4ab1-9b13-c422a842d491,2026-01-09T18:41:43.761Z,2026-01-09T18:41:45.176Z,,,
2026-01-09,unknown,sv1,00,1,1,"{""00"": 1}",1.0,arn:aws:braket:us-west-1:835581428919:quantum-task/2aecf0ae-72d7-4ae5-b765-c1b03ae55828,2026-01-09T18:41:36.035Z,2026-01-09T18:41:37.634Z,,,
2026-01-09,unknown,sv1,10,6,1,"{""10"": 1}",1.0,arn:aws:braket:us-west-1:835581428919:quantum-task/4a783c49-fa5b-485a-99ae-5a6f737988d7,2026-01-09T18:42:15.808Z,2026-01-09T18:42:16.620Z,,,
2026-01-09,unknown,sv1,11,6,1,"{""11"": 1}",1.0,arn:aws:braket:us-west-1:835581428919:quantum-task/53192ac1-6a7c-4fcc-a534-43ed57c72246,2026-01-09T18:42:27.944Z,2026-01-09T18:42:29.177Z,,,
2026-01-09,unknown,sv1,00,2,1,"{""00"": 1}",1.0,arn:aws:braket:us-west-1:835581428919:quantum-task/59da8b12-b593-4c3d-82ed-2f44270b835d,2026-01-09T18:41:39.046Z,2026-01-09T18:41:40.242Z,,,
2026-01-09,unknown,sv1,00,6,1,"{""00"": 1}",1.0,arn:aws:braket:us-west-1:835581428919:quantum-task/a358d8c4-c1c2-45ec-8f40-cfc1548a3138,2026-01-09T18:41:49.544Z,2026-01-09T18:41:50.773Z,,,
2026-01-09,unknown,sv1,01,4,1,"{""10"": 1}",1.0,arn:aws:braket:us-west-1:835581428919:quantum-task/ac6b49f3-b607-431d-9d43-f2008cac59ed,2026-01-09T18:41:59.842Z,2026-01-09T18:42:00.919Z,,,
2026-01-09,unknown,sv1,10,1,1,"{""11"": 1}",1.0,arn:aws:braket:us-west-1:835581428919:quantum-task/b21a0f71-0960-4fec-b598-9b6b94e9eb55,2026-01-09T18:42:05.607Z,2026-01-09T18:42:06.698Z,,,
2026-01-09,unknown,sv1,11,4,1,"{""01"": 1}",1.0,arn:aws:braket:us-west-1:835581428919:quantum-task/b2899da1-291e-497f-8eb9-3b411470bb87,2026-01-09T18:42:24.299Z,2026-01-09T18:42:25.281Z,,,
2026-01-09,unknown,sv1,01,5,1,"{""11"": 1}",1.0,arn:aws:braket:us-west-1:835581428919:quantum-task/bf708078-4fa2-4232-a730-f022f7392422,2026-01-09T18:42:01.859Z,2026-01-09T18:42:02.983Z,,,
2026-01-09,unknown,sv1,10,3,1,"{""01"": 1}",1.0,arn:aws:braket:us-west-1:835581428919:quantum-task/cfd41916-69bc-45ed-b6f9-f1e6f1873046,2026-01-09T18:42:09.282Z,2026-01-09T18:42:10.215Z,,,
2026-01-09,unknown,sv1,11,3,1,"{""11"": 1}",1.0,arn:aws:braket:us-west-1:835581428919:quantum-task/d447fd1e-0645-46ee-b7b8-87ecfa5515da,2026-01-09T18:42:22.522Z,2026-01-09T18:42:23.599Z,,,
2026-01-09,unknown,sv1,01,6,1,"{""01"": 1}",1.0,arn:aws:braket:us-west-1:835581428919:quantum-task/de466aac-79ad-49ff-858d-5b596cb959a5,2026-01-09T18:42:03.747Z,2026-01-09T18:42:04.624Z,,,
2026-01-09,unknown,sv1,11,2,1,"{""10"": 1}",1.0,arn:aws:braket:us-west-1:835581428919:quantum-task/df363b02-11bd-46ff-9337-306a0e73f854,2026-01-09T18:42:19.566Z,2026-01-09T18:42:20.781Z,,,
2026-01-09,unknown,sv1,00,5,1,"{""00"": 1}",1.0,arn:aws:braket:us-west-1:835581428919:quantum-task/e0bb5ed5-e34e-4a9b-83f5-3e664cf40074,2026-01-09T18:41:46.665Z,2026-01-09T18:41:47.923Z,,,
2026-01-09,unknown,sv1,01,2,1,"{""11"": 1}",1.0,arn:aws:braket:us-west-1:835581428919:quantum-task/e45e8e3f-6a73-4c64-b72a-4f0d217fd775,2026-01-09T18:41:54.278Z,2026-01-09T18:41:55.455Z,,,
2026-01-09,unknown,sv1,10,4,1,"{""11"": 1}",1.0,arn:aws:braket:us-west-1:835581428919:quantum-task/e4b51732-750a-49dc-ad15-1b0d13284081,2026-01-09T18:42:11.071Z,2026-01-09T18:42:12.098Z,,,
2026-01-09,unknown,sv1,01,3,1,"{""10"": 1}",1.0,arn:aws:braket:us-west-1:835581428919:quantum-task/ee199fe5-768c-4b25-a100-4894e535b54b,2026-01-09T18:41:57.968Z,2026-01-09T18:41:59.017Z,,,
2026-01-09,unknown,sv1,01,1,1,"{""01"": 1}",1.0,arn:aws:braket:us-west-1:835581428919:quantum-task/ee587a65-d13f-43d2-addd-996741d24801,2026-01-09T18:41:52.482Z,2026-01-09T18:41:53.401Z,,,
2026-01-09,unknown,sv1,10,2,1,"{""01"": 1}",1.0,arn:aws:braket:us-west-1:835581428919:quantum-task/ef274490-2004-429d-aa49-26c917cf52be,2026-01-09T18:42:07.473Z,2026-01-09T18:42:08.561Z,,,
2026-01-09,unknown,sv1,11,1,1,"{""10"": 1}",1.0,arn:aws:braket:us-west-1:835581428919:quantum-task/f07ae578-4fac-4e0a-9524-fc93d2e94b3e,2026-01-09T18:42:17.719Z,2026-01-09T18:42:18.580Z,,,
2026-01-09,unknown,sv1,11,5,1,"{""01"": 1}",1.0,arn:aws:braket:us-west-1:835581428919:quantum-task/f843f54a-e786-4701-b7dd-72266fb14538,2026-01-09T18:42:26.081Z,2026-01-09T18:42:27.196Z,,,
2026-01-09,unknown,sv1,00,3,1,"{""00"": 1}",1.0,arn:aws:braket:us-west-1:835581428919:quantum-task/fa7e1c6d-2f33-4d43-8662-a41b8ee68640,2026-01-09T18:41:41.954Z,2026-01-09T18:41:42.817Z,,,
2026-01-09,unknown,sv1,10,5,1,"{""10"": 1}",1.0,arn:aws:braket:us-west-1:835581428919:quantum-task/fe122273-7c11-4e23-a58c-081937d51277,2026-01-09T18:42:12.884Z,2026-01-09T18:42:14.281Z,,,
2026-01-30,unknown,sv1,11,2,1,"{""10"": 1}",1.0,arn:aws:braket:us-west-1:835581428919:quantum-task/024ce075-f4d9-4684-8412-e40e7ed35da4,2026-01-30T20:52:19.069Z,2026-01-30T20:52:20.146Z,,,
2026-01-30,unknown,sv1,10,5,1,"{""10"": 1}",1.0,arn:aws:braket:us-west-1:835581428919:quantum-task/033439b1-9114-4090-980a-7aa61fe78364,2026-01-30T20:52:12.519Z,2026-01-30T20:52:13.485Z,,,
2026-01-30,unknown,sv1,11,4,1,"{""01"": 1}",1.0,arn:aws:braket:us-west-1:835581428919:quantum-task/394356fa-48a9-4a8f-b867-069b31f29a76,2026-01-30T20:52:22.721Z,2026-01-30T20:52:23.762Z,,,
2026-01-30,unknown,sv1,11,3,1,"{""11"": 1}",1.0,arn:aws:braket:us-west-1:835581428919:quantum-task/3e8945c4-4bcf-439f-9491-d8b708967583,2026-01-30T20:52:20.911Z,2026-01-30T20:52:22.020Z,,,
2026-01-30,unknown,sv1,10,4,1,"{""11"": 1}",1.0,arn:aws:braket:us-west-1:835581428919:quantum-task/3f5ed7d6-3920-4a5d-a81b-937e5115bfee,2026-01-30T20:52:09.640Z,2026-01-30T20:52:11.081Z,,,
2026-01-30,unknown,sv1,11,6,1,"{""11"": 1}",1.0,arn:aws:braket:us-west-1:835581428919:quantum-task/4287598e-2b48-448e-9f1c-3ec1a08be819,2026-01-30T20:52:26.409Z,2026-01-30T20:52:27.703Z,,,
2026-01-30,unknown,sv1,00,6,1,"{""00"": 1}",1.0,arn:aws:braket:us-west-1:835581428919:quantum-task/4cf9f2ae-b2fa-4f4f-b84c-834e12f1c14d,2026-01-30T20:51:42.701Z,2026-01-30T20:51:43.916Z,,,
2026-01-30,unknown,sv1,10,3,1,"{""01"": 1}",1.0,arn:aws:braket:us-west-1:835581428919:quantum-task/6048dc04-a9f5-41e7-929a-0a9cf44f7e57,2026-01-30T20:52:06.803Z,2026-01-30T20:52:08.089Z,,,
2026-01-30,unknown,sv1,10,1,1,"{""11"": 1}",1.0,arn:aws:braket:us-west-1:835581428919:quantum-task/69710292-3fc7-48d6-8fc1-924ca48fb8f2,2026-01-30T20:52:02.024Z,2026-01-30T20:52:02.953Z,,,
2026-01-30,unknown,sv1,01,4,1,"{""10"": 1}",1.0,arn:aws:braket:us-west-1:835581428919:quantum-task/73f26709-cbef-41a6-83aa-fce9f1f8625b,2026-01-30T20:51:53.270Z,2026-01-30T20:51:55.570Z,,,
2026-01-30,unknown,sv1,00,2,1,"{""00"": 1}",1.0,arn:aws:braket:us-west-1:835581428919:quantum-task/760b91c6-cf7c-4239-a95e-d74249eb7e2d,2026-01-30T20:51:32.443Z,2026-01-30T20:51:33.472Z,,,
2026-01-30,unknown,sv1,01,5,1,"{""11"": 1}",1.0,arn:aws:braket:us-west-1:835581428919:quantum-task/80410b0b-f6b3-49d6-bbf7-2ff9a9702836,2026-01-30T20:51:57.357Z,2026-01-30T20:51:58.445Z,,,
2026-01-30,unknown,sv1,00,1,1,"{""00"": 1}",1.0,arn:aws:braket:us-west-1:835581428919:quantum-task/93690e94-e9a5-4735-9d81-5ebc6c4ae3d0,2026-01-30T20:51:29.499Z,2026-01-30T20:51:30.820Z,,,
2026-01-30,unknown,sv1,01,2,1,"{""11"": 1}",1.0,arn:aws:braket:us-west-1:835581428919:quantum-task/940e0b28-802f-4e7a-a153-9cb20036b1e9,2026-01-30T20:51:48.502Z,2026-01-30T20:51:49.337Z,,,
2026-01-30,unknown,sv1,00,3,1,"{""00"": 1}",1.0,arn:aws:braket:us-west-1:835581428919:quantum-task/96e6424e-20f3-46d2-a881-af9e60a76f78,2026-01-30T20:51:34.487Z,2026-01-30T20:51:35.764Z,,,
2026-01-30,unknown,sv1,11,5,1,"{""01"": 1}",1.0,arn:aws:braket:us-west-1:835581428919:quantum-task/9965b7d2-d58b-40cb-b9b5-a3f6f57db067,2026-01-30T20:52:24.591Z,2026-01-30T20:52:25.624Z,,,
2026-01-30,unknown,sv1,00,5,1,"{""00"": 1}",1.0,arn:aws:braket:us-west-1:835581428919:quantum-task/b2c2a53c-74be-4a0a-ae1a-e298697cb614,2026-01-30T20:51:39.752Z,2026-01-30T20:51:41.016Z,,,
2026-01-30,unknown,sv1,01,6,1,"{""01"": 1}",1.0,arn:aws:braket:us-west-1:835581428919:quantum-task/ba639356-e890-4c03-92fd-f080384ffd1e,2026-01-30T20:51:59.181Z,2026-01-30T20:52:00.588Z,,,
2026-01-30,unknown,sv1,10,2,1,"{""01"": 1}",1.0,arn:aws:braket:us-west-1:835581428919:quantum-task/cbda38dc-585d-4c0d-a6dc-6f9deea024f4,2026-01-30T20:52:03.888Z,2026-01-30T20:52:05.228Z,,,
2026-01-30,unknown,sv1,11,1,1,"{""10"": 1}",1.0,arn:aws:braket:us-west-1:835581428919:quantum-task/ce04ad5b-c866-4642-8182-09da97625f7c,2026-01-30T20:52:16.236Z,2026-01-30T20:52:17.413Z,,,
2026-01-30,unknown,sv1,10,6,1,"{""10"": 1}",1.0,arn:aws:braket:us-west-1:835581428919:quantum-task/ed059742-d804-45b7-9dd2-ae2bc996a933,2026-01-30T20:52:14.423Z,2026-01-30T20:52:15.448Z,,,
2026-01-30,unknown,sv1,01,1,1,"{""01"": 1}",1.0,arn:aws:braket:us-west-1:835581428919:quantum-task/eef012ef-b16e-49b9-b7ff-59a83bf266d3,2026-01-30T20:51:45.592Z,2026-01-30T20:51:46.997Z,,,
2026-01-30,unknown,sv1,01,3,1,"{""10"": 1}",1.0,arn:aws:braket:us-west-1:835581428919:quantum-task/f183d07a-2705-47f0-af72-33cc10d0069c,2026-01-30T20:51:50.342Z,2026-01-30T20:51:51.538Z,,,
2026-01-30,unknown,sv1,00,4,1,"{""00"": 1}",1.0,arn:aws:braket:us-west-1:835581428919:quantum-task/fa0b6927-cab3-4aab-a7a4-8ba4e1b8020a,2026-01-30T20:51:37.433Z,2026-01-30T20:51:38.360Z,,,
2026-02-11,unknown,sv1,10,1,1,"{""11"": 1}",1.0,arn:aws:braket:us-west-1:835581428919:quantum-task/0307dfec-e49a-4a03-a221-b6991d0285a9,2026-02-11T20:25:18.652Z,2026-02-11T20:25:20.036Z,,,
2026-02-11,unknown,sv1,11,2,1,"{""10"": 1}",1.0,arn:aws:braket:us-west-1:835581428919:quantum-task/172a8668-c2aa-4436-b6d4-13e43ea93f09,2026-02-11T03:21:01.451Z,2026-02-11T03:21:02.562Z,,,
2026-02-11,unknown,sv1,10,5,1,"{""10"": 1}",1.0,arn:aws:braket:us-west-1:835581428919:quantum-task/1bd23159-036c-4c57-b5e7-68ba9f9d7b16,2026-02-11T03:20:52.364Z,2026-02-11T03:20:53.403Z,,,
2026-02-11,unknown,sv1,11,4,1,"{""01"": 1}",1.0,arn:aws:braket:us-west-1:835581428919:quantum-task/1c63b578-8142-415d-9aaf-857e9dca29ce,2026-02-11T03:21:05.943Z,2026-02-11T03:21:06.910Z,,,
2026-02-11,unknown,sv1,00,1,1,"{""00"": 1}",1.0,arn:aws:braket:us-west-1:835581428919:quantum-task/255b09df-d779-4e51-bf71-3d9e5d5335f4,2026-02-11T03:20:09.611Z,2026-02-11T03:20:11.393Z,,,
2026-02-11,unknown,sv1,00,3,1,"{""00"": 1}",1.0,arn:aws:braket:us-west-1:835581428919:quantum-task/25e3055b-8482-4ce7-9546-ee80da10ee89,2026-02-11T20:24:22.717Z,2026-02-11T20:24:23.887Z,,,
2026-02-11,unknown,sv1,01,1,1,"{""01"": 1}",1.0,arn:aws:braket:us-west-1:835581428919:quantum-task/31d3fbf8-ea84-4dd6-8eca-4e8e61d309d8,2026-02-11T20:24:33.860Z,2026-02-11T20:24:34.751Z,,,
2026-02-11,unknown,sv1,00,3,1,"{""00"": 1}",1.0,arn:aws:braket:us-west-1:835581428919:quantum-task/343623d0-ef46-4acc-814f-f5bb9e43a941,2026-02-11T20:24:50.880Z,2026-02-11T20:24:52.196Z,,,
2026-02-11,unknown,sv1,10,3,1,"{""01"": 1}",1.0,arn:aws:braket:us-west-1:835581428919:quantum-task/356e32f4-5c77-4ac8-8360-752224dabaa8,2026-02-11T03:20:46.738Z,2026-02-11T03:20:47.935Z,,,
2026-02-11,unknown,sv1,00,5,1,"{""00"": 1}",1.0,arn:aws:braket:us-west-1:835581428919:quantum-task/44463647-2f91-4569-a14a-fcc22b52b7f5,2026-02-11T20:24:58.253Z,2026-02-11T20:24:59.438Z,,,
2026-02-11,unknown,sv1,00,5,1,"{""00"": 1}",1.0,arn:aws:braket:us-west-1:835581428919:quantum-task/4660da88-a642-4693-97a1-cb9a8a46d1bd,2026-02-11T03:20:20.067Z,2026-02-11T03:20:20.987Z,,,
2026-02-11,unknown,sv1,11,1,1,"{""10"": 1}",1.0,arn:aws:braket:us-west-1:835581428919:quantum-task/48f9eebd-a507-49d2-8d1a-8eb8a12e4e71,2026-02-11T03:20:58.143Z,2026-02-11T03:20:59.293Z,,,
2026-02-11,unknown,sv1,00,6,1,"{""00"": 1}",1.0,arn:aws:braket:us-west-1:835581428919:quantum-task/4d983bf7-4ffe-45ef-8ba5-05680432e57e,2026-02-11T20:24:31.042Z,2026-02-11T20:24:32.250Z,,,
2026-02-11,unknown,sv1,00,1,1,"{""00"": 1}",1.0,arn:aws:braket:us-west-1:835581428919:quantum-task/4fc08d52-4707-478e-8a01-4b0de90b58a9,2026-02-11T20:24:45.356Z,2026-02-11T20:24:46.606Z,,,
2026-02-11,unknown,sv1,10,1,1,"{""11"": 1}",1.0,arn:aws:braket:us-west-1:835581428919:quantum-task/5066c82f-5719-4f55-a5ec-496403972c98,2026-02-11T03:20:40.478Z,2026-02-11T03:20:41.542Z,,,
2026-02-11,unknown,sv1,10,4,1,"{""11"": 1}",1.0,arn:aws:braket:us-west-1:835581428919:quantum-task/50b2f339-6eaa-4cc9-85e7-4483213fbc98,2026-02-11T20:25:25.874Z,2026-02-11T20:25:27.133Z,,,
2026-02-11,unknown,sv1,01,1,1,"{""01"": 1}",1.0,arn:aws:braket:us-west-1:835581428919:quantum-task/54ad5eab-5789-4228-8c35-7a45799b5eee,2026-02-11T03:20:24.621Z,2026-02-11T03:20:25.888Z,,,
2026-02-11,unknown,sv1,01,4,1,"{""10"": 1}",1.0,arn:aws:braket:us-west-1:835581428919:quantum-task/5637ddbd-af7b-4b58-a808-823f0ff217d2,2026-02-11T03:20:31.975Z,2026-02-11T03:20:33.244Z,,,
2026-02-11,unknown,sv1,00,6,1,"{""00"": 1}",1.0,arn:aws:braket:us-west-1:835581428919:quantum-task/5bbbc8a9-d727-49fe-ab46-face03d1825f,2026-02-11T03:20:21.776Z,2026-02-11T03:20:23.027Z,,,
2026-02-11,unknown,sv1,10,2,1,"{""01"": 1}",1.0,arn:aws:braket:us-west-1:835581428919:quantum-task/5fd8316f-ddf3-47c2-8032-0a837806c855,2026-02-11T20:25:21.393Z,2026-02-11T20:25:22.657Z,,,
2026-02-11,unknown,sv1,01,3,1,"{""10"": 1}",1.0,arn:aws:braket:us-west-1:835581428919:quantum-task/5ff6b419-7d8b-4e19-a27a-9ac47bb1c442,2026-02-11T20:25:07.432Z,2026-02-11T20:25:08.734Z,,,
2026-02-11,unknown,sv1,11,1,1,"{""10"": 1}",1.0,arn:aws:braket:us-west-1:835581428919:quantum-task/6394243f-45e3-42a8-bcb9-a7cb1eeeeeab,2026-02-11T20:25:34.355Z,2026-02-11T20:25:35.518Z,,,
2026-02-11,unknown,sv1,10,6,1,"{""10"": 1}",1.0,arn:aws:braket:us-west-1:835581428919:quantum-task/6b355c83-8b7f-46c4-a819-d5d7f718c089,2026-02-11T03:20:55.274Z,2026-02-11T03:20:56.723Z,,,
2026-02-11,unknown,sv1,01,1,1,"{""01"": 1}",1.0,arn:aws:braket:us-west-1:835581428919:quantum-task/6dc4267e-7b35-4914-a5fb-fc733f23cd22,2026-02-11T20:25:03.966Z,2026-02-11T20:25:04.853Z,,,
2026-02-11,unknown,sv1,10,5,1,"{""10"": 1}",1.0,arn:aws:braket:us-west-1:835581428919:quantum-task/6f19a31d-beca-43d4-b911-2a9d4317ecf5,2026-02-11T20:25:28.638Z,2026-02-11T20:25:29.914Z,,,
2026-02-11,unknown,sv1,10,6,1,"{""10"": 1}",1.0,arn:aws:braket:us-west-1:835581428919:quantum-task/7b7aad9e-a0b0-46f7-8377-45a03e9f712a,2026-02-11T20:25:31.632Z,2026-02-11T20:25:32.938Z,,,
2026-02-11,unknown,sv1,11,5,1,"{""01"": 1}",1.0,arn:aws:braket:us-west-1:835581428919:quantum-task/7d7bef12-99ab-448a-92b9-f9675fe2baa3,2026-02-11T03:21:07.659Z,2026-02-11T03:21:08.609Z,,,
2026-02-11,unknown,sv1,00,2,1,"{""00"": 1}",1.0,arn:aws:braket:us-west-1:835581428919:quantum-task/83bd5aff-d360-4842-8bda-c674fcd1cf1c,2026-02-11T03:20:12.480Z,2026-02-11T03:20:13.725Z,,,
2026-02-11,unknown,sv1,11,6,1,"{""11"": 1}",1.0,arn:aws:braket:us-west-1:835581428919:quantum-task/8b9aa03b-69e9-4ba9-b26c-fe15ccd860ee,2026-02-11T20:25:46.129Z,2026-02-11T20:25:47.077Z,,,
2026-02-11,unknown,sv1,11,5,1,"{""01"": 1}",1.0,arn:aws:braket:us-west-1:835581428919:quantum-task/94993409-dfbf-49cc-9a56-75d2bd1401f3,2026-02-11T20:25:43.352Z,2026-02-11T20:25:44.581Z,,,
2026-02-11,unknown,sv1,01,5,1,"{""11"": 1}",1.0,arn:aws:braket:us-west-1:835581428919:quantum-task/94c3a986-059f-4206-8f1c-d4d39a02428b,2026-02-11T03:20:34.997Z,2026-02-11T03:20:36.388Z,,,
2026-02-11,unknown,sv1,11,6,1,"{""11"": 1}",1.0,arn:aws:braket:us-west-1:835581428919:quantum-task/96bfee80-bf9e-4045-87b0-43cbd7f02c6a,2026-02-11T03:21:09.342Z,2026-02-11T03:21:10.764Z,,,
2026-02-11,unknown,sv1,00,5,1,"{""00"": 1}",1.0,arn:aws:braket:us-west-1:835581428919:quantum-task/97951118-971a-4f54-9528-eebf2d570bea,2026-02-11T20:24:28.251Z,2026-02-11T20:24:29.631Z,,,
2026-02-11,unknown,sv1,10,4,1,"{""11"": 1}",1.0,arn:aws:braket:us-west-1:835581428919:quantum-task/98924385-6738-4ba3-8c24-6fb0698e367b,2026-02-11T03:20:49.513Z,2026-02-11T03:20:50.812Z,,,
2026-02-11,unknown,sv1,00,4,1,"{""00"": 1}",1.0,arn:aws:braket:us-west-1:835581428919:quantum-task/a16c3b47-4f5b-447f-8baa-9f5e6cdff5d4,2026-02-11T03:20:17.143Z,2026-02-11T03:20:18.464Z,,,
2026-02-11,unknown,sv1,00,6,1,"{""00"": 1}",1.0,arn:aws:braket:us-west-1:835581428919:quantum-task/a2719f8a-3d35-4822-bed2-fbfa36a85f3f,2026-02-11T20:25:01.163Z,2026-02-11T20:25:02.491Z,,,
2026-02-11,unknown,sv1,11,4,1,"{""01"": 1}",1.0,arn:aws:braket:us-west-1:835581428919:quantum-task/a661114d-a183-4ae0-9cfa-e134f527e7b0,2026-02-11T20:25:41.615Z,2026-02-11T20:25:42.564Z,,,
2026-02-11,unknown,sv1,00,1,1,"{""00"": 1}",1.0,arn:aws:braket:us-west-1:835581428919:quantum-task/b12be425-c4b3-4af2-9871-b8edf07e3bd3,2026-02-11T20:24:16.218Z,2026-02-11T20:24:17.710Z,,,
2026-02-11,unknown,sv1,11,3,1,"{""11"": 1}",1.0,arn:aws:braket:us-west-1:835581428919:quantum-task/b6be4c5f-88df-463f-934b-68d071f8d9a8,2026-02-11T20:25:39.898Z,2026-02-11T20:25:40.891Z,,,
2026-02-11,unknown,sv1,01,6,1,"{""01"": 1}",1.0,arn:aws:braket:us-west-1:835581428919:quantum-task/bb54ac13-5fdf-43ac-afb2-7406fbe3fa0c,2026-02-11T03:20:37.794Z,2026-02-11T03:20:39.000Z,,,
2026-02-11,unknown,sv1,01,2,1,"{""11"": 1}",1.0,arn:aws:braket:us-west-1:835581428919:quantum-task/c0ca2f22-24cb-4ffe-a762-11aba927011b,2026-02-11T20:24:38.095Z,2026-02-11T20:24:39.169Z,,,
2026-02-11,unknown,sv1,00,2,1,"{""00"": 1}",1.0,arn:aws:braket:us-west-1:835581428919:quantum-task/c9b0a2b8-7578-47a8-afd6-40cc50826e8c,2026-02-11T20:24:48.081Z,2026-02-11T20:24:49.194Z,,,
2026-02-11,unknown,sv1,01,2,1,"{""11"": 1}",1.0,arn:aws:braket:us-west-1:835581428919:quantum-task/cbc539d5-3b95-4274-b5d6-c019b191afb8,2026-02-11T03:20:27.384Z,2026-02-11T03:20:28.968Z,,,
2026-02-11,unknown,sv1,01,3,1,"{""10"": 1}",1.0,arn:aws:braket:us-west-1:835581428919:quantum-task/d2804e4d-af2b-4d6d-88d8-8d06c69311e6,2026-02-11T03:20:30.220Z,2026-02-11T03:20:31.267Z,,,
2026-02-11,unknown,sv1,01,5,1,"{""11"": 1}",1.0,arn:aws:braket:us-west-1:835581428919:quantum-task/d38ace86-8e4e-457e-9a96-23e36448027c,2026-02-11T20:25:13.024Z,2026-02-11T20:25:14.320Z,,,
2026-02-11,unknown,sv1,00,2,1,"{""00"": 1}",1.0,arn:aws:braket:us-west-1:835581428919:quantum-task/dab70ade-35e4-41ae-9c2c-eea81465b30e,2026-02-11T20:24:19.882Z,2026-02-11T20:24:21.208Z,,,
2026-02-11,unknown,sv1,11,3,1,"{""11"": 1}",1.0,arn:aws:braket:us-west-1:835581428919:quantum-task/daba53dc-d42a-4776-9cc6-db9851695100,2026-02-11T03:21:04.243Z,2026-02-11T03:21:05.140Z,,,
2026-02-11,unknown,sv1,01,2,1,"{""11"": 1}",1.0,arn:aws:braket:us-west-1:835581428919:quantum-task/e771c385-fa4a-4ee8-8c83-f49cfd7b72e7,2026-02-11T20:25:05.690Z,2026-02-11T20:25:06.579Z,,,
2026-02-11,unknown,sv1,00,4,1,"{""00"": 1}",1.0,arn:aws:braket:us-west-1:835581428919:quantum-task/ee9e465b-e9fc-4daa-84ad-97ad1dcbd3d5,2026-02-11T20:24:25.493Z,2026-02-11T20:24:26.788Z,,,
2026-02-11,unknown,sv1,00,4,1,"{""00"": 1}",1.0,arn:aws:braket:us-west-1:835581428919:quantum-task/ef406bb7-ba4a-406a-b403-2b25b65362b1,2026-02-11T20:24:53.652Z,2026-02-11T20:24:55.893Z,,,
2026-02-11,unknown,sv1,11,2,1,"{""10"": 1}",1.0,arn:aws:braket:us-west-1:835581428919:quantum-task/f0040d3b-08ae-4e1d-bea5-7f26f36dbbbc,2026-02-11T20:25:37.144Z,2026-02-11T20:25:38.310Z,,,
2026-02-11,unknown,sv1,10,2,1,"{""01"": 1}",1.0,arn:aws:braket:us-west-1:835581428919:quantum-task/f3c88e4a-8891-43a8-afa3-2985a459afad,2026-02-11T03:20:43.162Z,2026-02-11T03:20:44.230Z,,,
2026-02-11,unknown,sv1,10,3,1,"{""01"": 1}",1.0,arn:aws:braket:us-west-1:835581428919:quantum-task/f4f8644c-0066-48e8-867e-36fcb3d7b798,2026-02-11T20:25:24.176Z,2026-02-11T20:25:25.217Z,,,
2026-02-11,unknown,sv1,01,6,1,"{""01"": 1}",1.0,arn:aws:braket:us-west-1:835581428919:quantum-task/fb8cba29-6a66-49a3-98df-1105234aec73,2026-02-11T20:25:15.810Z,2026-02-11T20:25:16.937Z,,,
2026-02-11,unknown,sv1,01,4,1,"{""10"": 1}",1.0,arn:aws:braket:us-west-1:835581428919:quantum-task/fc9e4950-4113-4c91-b387-181945c555b6,2026-02-11T20:25:10.223Z,2026-02-11T20:25:11.338Z,,,
2026-02-11,unknown,sv1,00,3,1,"{""00"": 1}",1.0,arn:aws:braket:us-west-1:835581428919:quantum-task/ffeff668-fb0b-4b63-b72b-5fa30d14212b,2026-02-11T03:20:15.274Z,2026-02-11T03:20:16.210Z,,,
2026-02-13,unknown,sv1,01,4,1,"{""10"": 1}",1.0,arn:aws:braket:us-west-1:835581428919:quantum-task/04b6d66d-e9d0-4a45-b9bb-5f8006759eb6,2026-02-13T18:52:32.109Z,2026-02-13T18:52:33.375Z,,,
2026-02-13,unknown,sv1,10,5,1,"{""10"": 1}",1.0,arn:aws:braket:us-west-1:835581428919:quantum-task/08768f2e-0c51-4d8e-9607-16ea51bf7d88,2026-02-13T18:52:49.767Z,2026-02-13T18:52:51.177Z,,,
2026-02-13,unknown,sv1,10,1,1,"{""11"": 1}",1.0,arn:aws:braket:us-west-1:835581428919:quantum-task/0bc0baa1-fc85-4c3a-89d4-335cfb6d7717,2026-02-13T18:52:40.683Z,2026-02-13T18:52:41.895Z,,,
2026-02-13,unknown,sv1,00,5,1,"{""00"": 1}",1.0,arn:aws:braket:us-west-1:835581428919:quantum-task/14f8f45b-52af-417e-9495-5fe48e0528af,2026-02-13T18:39:11.612Z,2026-02-13T18:39:12.865Z,,,
2026-02-13,unknown,sv1,01,4,1,"{""10"": 1}",1.0,arn:aws:braket:us-west-1:835581428919:quantum-task/1f7d4385-5c72-45a4-8d5c-01bf7dea3bbe,2026-02-13T18:39:23.550Z,2026-02-13T18:39:24.727Z,,,
2026-02-13,unknown,sv1,00,3,1,"{""00"": 1}",1.0,arn:aws:braket:us-west-1:835581428919:quantum-task/21e40ceb-03f4-4385-8bc0-f604c9f9e08f,2026-02-13T18:52:16.876Z,2026-02-13T18:52:18.182Z,,,
2026-02-13,unknown,sv1,00,4,1,"{""00"": 1}",1.0,arn:aws:braket:us-west-1:835581428919:quantum-task/22a97d68-8375-484a-a995-0f51e90368ba,2026-02-13T18:39:08.796Z,2026-02-13T18:39:10.125Z,,,
2026-02-13,unknown,sv1,11,3,1,"{""11"": 1}",1.0,arn:aws:braket:us-west-1:835581428919:quantum-task/25f395ec-724c-4b45-abd6-0596ff0caa76,2026-02-13T18:52:58.774Z,2026-02-13T18:52:59.782Z,,,
2026-02-13,unknown,sv1,10,6,1,"{""10"": 1}",1.0,arn:aws:braket:us-west-1:835581428919:quantum-task/2df44a47-a936-434f-ac25-79a601dc218b,2026-02-13T18:39:40.744Z,2026-02-13T18:39:42.041Z,,,
2026-02-13,unknown,sv1,10,1,1,"{""11"": 1}",1.0,arn:aws:braket:us-west-1:835581428919:quantum-task/3e395c2f-1a5b-45e7-a54a-1d91caaba1d9,2026-02-13T18:39:29.850Z,2026-02-13T18:39:30.740Z,,,
2026-02-13,unknown,sv1,01,1,1,"{""01"": 1}",1.0,arn:aws:braket:us-west-1:835581428919:quantum-task/43bd5a03-0bda-4ff2-989a-7d254de4ef22,2026-02-13T18:52:25.908Z,2026-02-13T18:52:27.094Z,,,
2026-02-13,unknown,sv1,01,6,1,"{""01"": 1}",1.0,arn:aws:braket:us-west-1:835581428919:quantum-task/49118c10-6338-4430-9642-4fe5c0de58d7,2026-02-13T18:39:28.104Z,2026-02-13T18:39:29.147Z,,,
2026-02-13,unknown,sv1,10,3,1,"{""01"": 1}",1.0,arn:aws:braket:us-west-1:835581428919:quantum-task/4a43a037-d52b-4b1d-a5d2-e49b6874cefa,2026-02-13T18:39:33.370Z,2026-02-13T18:39:34.748Z,,,
2026-02-13,unknown,sv1,01,3,1,"{""10"": 1}",1.0,arn:aws:braket:us-west-1:835581428919:quantum-task/4c04526f-181d-442e-b53f-b651df628219,2026-02-13T18:52:30.369Z,2026-02-13T18:52:31.308Z,,,
2026-02-13,unknown,sv1,11,1,1,"{""10"": 1}",1.0,arn:aws:braket:us-west-1:835581428919:quantum-task/51b26b9e-c95c-4f7a-b9ba-4afdd6be3cb4,2026-02-13T18:52:55.414Z,2026-02-13T18:52:56.346Z,,,
2026-02-13,unknown,sv1,00,4,1,"{""00"": 1}",1.0,arn:aws:braket:us-west-1:835581428919:quantum-task/54d13d9b-ed71-4ef2-aefd-a4c50bfe31e3,2026-02-13T18:52:19.658Z,2026-02-13T18:52:20.552Z,,,
2026-02-13,unknown,sv1,01,5,1,"{""11"": 1}",1.0,arn:aws:braket:us-west-1:835581428919:quantum-task/5df4501f-83da-4f3e-ba58-209074b70a54,2026-02-13T18:52:34.977Z,2026-02-13T18:52:36.456Z,,,
2026-02-13,unknown,sv1,11,3,1,"{""11"": 1}",1.0,arn:aws:braket:us-west-1:835581428919:quantum-task/64f61fa2-bfa5-437d-b64f-60d3c0c4045c,2026-02-13T18:39:49.274Z,2026-02-13T18:39:50.202Z,,,
2026-02-13,unknown,sv1,10,2,1,"{""01"": 1}",1.0,arn:aws:braket:us-west-1:835581428919:quantum-task/6a4db79a-2bb1-496d-98f4-3e1e80a26b2d,2026-02-13T18:39:31.627Z,2026-02-13T18:39:32.542Z,,,
2026-02-13,unknown,sv1,10,3,1,"{""01"": 1}",1.0,arn:aws:braket:us-west-1:835581428919:quantum-task/6abebdbd-8ab4-4a68-8c39-ca3cc7e92bd5,2026-02-13T18:52:45.210Z,2026-02-13T18:52:46.073Z,,,
2026-02-13,unknown,sv1,11,6,1,"{""11"": 1}",1.0,arn:aws:braket:us-west-1:835581428919:quantum-task/6bccbb5a-6dce-487e-a8f3-d836ae999aae,2026-02-13T18:53:04.054Z,2026-02-13T18:53:05.322Z,,,
2026-02-13,unknown,sv1,11,2,1,"{""10"": 1}",1.0,arn:aws:braket:us-west-1:835581428919:quantum-task/6e0c36ea-6f8e-4d2a-af3f-912d9b7e97b4,2026-02-13T18:39:46.441Z,2026-02-13T18:39:47.747Z,,,
2026-02-13,unknown,sv1,11,4,1,"{""01"": 1}",1.0,arn:aws:braket:us-west-1:835581428919:quantum-task/7abceb32-a214-4a65-8dcb-1079531ec748,2026-02-13T18:39:51.022Z,2026-02-13T18:39:52.246Z,,,
2026-02-13,unknown,sv1,01,5,1,"{""11"": 1}",1.0,arn:aws:braket:us-west-1:835581428919:quantum-task/7ad8b368-4246-4c82-993a-5c43416361f2,2026-02-13T18:39:26.378Z,2026-02-13T18:39:27.244Z,,,
2026-02-13,unknown,sv1,01,2,1,"{""11"": 1}",1.0,arn:aws:braket:us-west-1:835581428919:quantum-task/7c9e03c9-9646-487c-af79-b8c76373f15a,2026-02-13T18:39:19.000Z,2026-02-13T18:39:19.923Z,,,
2026-02-13,unknown,sv1,10,6,1,"{""10"": 1}",1.0,arn:aws:braket:us-west-1:835581428919:quantum-task/7f9bf884-22cd-4ffb-addf-54e14da83c9d,2026-02-13T18:52:52.629Z,2026-02-13T18:52:53.831Z,,,
2026-02-13,unknown,sv1,11,4,1,"{""01"": 1}",1.0,arn:aws:braket:us-west-1:835581428919:quantum-task/7fa5b95d-b4ca-4325-be63-20debb0bb3e3,2026-02-13T18:53:00.446Z,2026-02-13T18:53:01.478Z,,,
2026-02-13,unknown,sv1,11,6,1,"{""11"": 1}",1.0,arn:aws:braket:us-west-1:835581428919:quantum-task/86d80b4c-2ee9-4688-b789-5ae2c0d041aa,2026-02-13T18:39:55.596Z,2026-02-13T18:39:56.787Z,,,
2026-02-13,unknown,sv1,10,2,1,"{""01"": 1}",1.0,arn:aws:braket:us-west-1:835581428919:quantum-task/8fd4f24a-7f47-4b2b-9d70-daf2aff76a04,2026-02-13T18:52:43.526Z,2026-02-13T18:52:44.590Z,,,
2026-02-13,unknown,sv1,10,4,1,"{""11"": 1}",1.0,arn:aws:braket:us-west-1:835581428919:quantum-task/9456c3e5-32f8-4177-8fb1-eb683b953b3c,2026-02-13T18:39:36.170Z,2026-02-13T18:39:37.208Z,,,
2026-02-13,unknown,sv1,01,3,1,"{""10"": 1}",1.0,arn:aws:braket:us-west-1:835581428919:quantum-task/94961281-c2aa-4b0c-a0ac-ce1994fb33f5,2026-02-13T18:39:20.726Z,2026-02-13T18:39:21.940Z,,,
2026-02-13,unknown,sv1,00,2,1,"{""00"": 1}",1.0,arn:aws:braket:us-west-1:835581428919:quantum-task/9eab15d3-0b00-41e0-8c17-beaf4e57c35f,2026-02-13T18:52:13.674Z,2026-02-13T18:52:15.177Z,,,
2026-02-13,unknown,sv1,00,1,1,"{""00"": 1}",1.0,arn:aws:braket:us-west-1:835581428919:quantum-task/9edb6209-7d70-4d8b-b083-575e4c367b10,2026-02-13T18:39:01.074Z,2026-02-13T18:39:02.584Z,,,
2026-02-13,unknown,sv1,01,6,1,"{""01"": 1}",1.0,arn:aws:braket:us-west-1:835581428919:quantum-task/a0161d4e-c9a5-496c-98d2-a917099a10dc,2026-02-13T18:52:37.883Z,2026-02-13T18:52:39.085Z,,,
2026-02-13,unknown,sv1,00,6,1,"{""00"": 1}",1.0,arn:aws:braket:us-west-1:835581428919:quantum-task/a572a8b7-c8f2-4876-b4d0-7582b26d421d,2026-02-13T18:39:14.442Z,2026-02-13T18:39:15.667Z,,,
2026-02-13,unknown,sv1,11,2,1,"{""10"": 1}",1.0,arn:aws:braket:us-west-1:835581428919:quantum-task/a924e244-64ef-4937-adbb-d723f996ff45,2026-02-13T18:52:57.096Z,2026-02-13T18:52:58.039Z,,,
2026-02-13,unknown,sv1,01,1,1,"{""01"": 1}",1.0,arn:aws:braket:us-west-1:835581428919:quantum-task/a9adfb58-0a91-4929-9784-b4eff0fdd054,2026-02-13T18:39:17.263Z,2026-02-13T18:39:18.310Z,,,
2026-02-13,unknown,sv1,11,5,1,"{""01"": 1}",1.0,arn:aws:braket:us-west-1:835581428919:quantum-task/b01aa1dc-e05b-4540-9d23-00225ad1c3a0,2026-02-13T18:53:02.221Z,2026-02-13T18:53:03.052Z,,,
2026-02-13,unknown,sv1,00,2,1,"{""00"": 1}",1.0,arn:aws:braket:us-west-1:835581428919:quantum-task/b1d21765-7f7f-4af3-8bd1-8a740a951cd9,2026-02-13T18:39:04.833Z,2026-02-13T18:39:05.731Z,,,
2026-02-13,unknown,sv1,00,1,1,"{""00"": 1}",1.0,arn:aws:braket:us-west-1:835581428919:quantum-task/bacb6767-e26e-4a27-8cf3-da84d215eac3,2026-02-13T18:52:10.696Z,2026-02-13T18:52:11.995Z,,,
2026-02-13,unknown,sv1,00,3,1,"{""00"": 1}",1.0,arn:aws:braket:us-west-1:835581428919:quantum-task/bfb4d328-4dfb-4ff4-bcc1-eea124e526bf,2026-02-13T18:39:06.555Z,2026-02-13T18:39:07.502Z,,,
2026-02-13,unknown,sv1,11,1,1,"{""10"": 1}",1.0,arn:aws:braket:us-west-1:835581428919:quantum-task/c1405c5a-8b4b-428a-a6c0-239479be3f4f,2026-02-13T18:39:43.554Z,2026-02-13T18:39:44.826Z,,,
2026-02-13,unknown,sv1,01,2,1,"{""11"": 1}",1.0,arn:aws:braket:us-west-1:835581428919:quantum-task/c77ac2ef-06b1-4668-8716-a2abe9324e17,2026-02-13T18:52:28.645Z,2026-02-13T18:52:29.553Z,,,
2026-02-13,unknown,sv1,00,6,1,"{""00"": 1}",1.0,arn:aws:braket:us-west-1:835581428919:quantum-task/c7e36cf7-9b3f-4070-8574-4eb2d881f42f,2026-02-13T18:52:23.112Z,2026-02-13T18:52:24.391Z,,,
2026-02-13,unknown,sv1,10,5,1,"{""10"": 1}",1.0,arn:aws:braket:us-west-1:835581428919:quantum-task/ce0fd5d0-4a9b-4fff-8384-721d468c9eca,2026-02-13T18:39:39.016Z,2026-02-13T18:39:40.020Z,,,
2026-02-13,unknown,sv1,11,5,1,"{""01"": 1}",1.0,arn:aws:braket:us-west-1:835581428919:quantum-task/e3d74e4c-0da8-431c-807d-60e6fd67cc9c,2026-02-13T18:39:53.856Z,2026-02-13T18:39:54.704Z,,,
2026-02-13,unknown,sv1,00,5,1,"{""00"": 1}",1.0,arn:aws:braket:us-west-1:835581428919:quantum-task/e748c2c4-a6a5-4e5a-bdb5-d5a4fbd69a35,2026-02-13T18:52:21.371Z,2026-02-13T18:52:22.488Z,,,
2026-02-13,unknown,sv1,10,4,1,"{""11"": 1}",1.0,arn:aws:braket:us-west-1:835581428919:quantum-task/f05deccd-a614-40fc-a956-c23ffa21266c,2026-02-13T18:52:46.884Z,2026-02-13T18:52:48.172Z,,,
2026-02-20,unknown,sv1,00,5,1,"{""00"": 1}",1.0,arn:aws:braket:us-west-1:835581428919:quantum-task/01b4d965-e45b-443c-b438-803d894e6098,2026-02-20T21:59:10.429Z,2026-02-20T21:59:11.621Z,,,
2026-02-20,unknown,sv1,11,3,1,"{""11"": 1}",1.0,arn:aws:braket:us-west-1:835581428919:quantum-task/093f49dd-65ca-4af6-b799-d4dc76e106a9,2026-02-20T21:59:44.855Z,2026-02-20T21:59:46.177Z,,,
2026-02-20,unknown,sv1,00,1,1,"{""00"": 1}",1.0,arn:aws:braket:us-west-1:835581428919:quantum-task/12750b45-5320-4176-9bbc-a316c2d0f940,2026-02-20T21:58:58.352Z,2026-02-20T21:58:59.937Z,,,
2026-02-20,unknown,sv1,10,2,1,"{""01"": 1}",1.0,arn:aws:braket:us-west-1:835581428919:quantum-task/1657a178-c77b-4cf6-9ce2-c305488882ac,2026-02-20T21:59:31.223Z,2026-02-20T21:59:32.320Z,,,
2026-02-20,unknown,sv1,00,2,1,"{""00"": 1}",1.0,arn:aws:braket:us-west-1:835581428919:quantum-task/1bfc4b7b-10ec-4fc6-9f4d-15d1e4dff619,2026-02-20T21:59:01.713Z,2026-02-20T21:59:02.780Z,,,
2026-02-20,unknown,sv1,11,4,1,"{""01"": 1}",1.0,arn:aws:braket:us-west-1:835581428919:quantum-task/2d6be6e5-5a6f-4f44-b3f2-95b1ca451978,2026-02-20T21:59:47.741Z,2026-02-20T21:59:48.895Z,,,
2026-02-20,unknown,sv1,01,1,1,"{""01"": 1}",1.0,arn:aws:braket:us-west-1:835581428919:quantum-task/353925ec-888a-490b-8426-30537b50fb5a,2026-02-20T21:59:16.279Z,2026-02-20T21:59:17.220Z,,,
2026-02-20,unknown,sv1,01,2,1,"{""11"": 1}",1.0,arn:aws:braket:us-west-1:835581428919:quantum-task/36181404-038a-4ed9-a180-d62657d0bae2,2026-02-20T21:59:18.109Z,2026-02-20T21:59:19.440Z,,,
2026-02-20,unknown,sv1,11,6,1,"{""11"": 1}",1.0,arn:aws:braket:us-west-1:835581428919:quantum-task/5f0a2cf7-8fa9-44e5-bf76-435232c5750c,2026-02-20T21:59:52.451Z,2026-02-20T21:59:53.420Z,,,
2026-02-20,unknown,sv1,10,1,1,"{""11"": 1}",1.0,arn:aws:braket:us-west-1:835581428919:quantum-task/6c5aa279-e193-42f5-b42c-59761b63410c,2026-02-20T21:59:29.487Z,2026-02-20T21:59:30.439Z,,,
2026-02-20,unknown,sv1,01,6,1,"{""01"": 1}",1.0,arn:aws:braket:us-west-1:835581428919:quantum-task/6db0b408-7a58-419a-b248-f22041a1d9c4,2026-02-20T21:59:27.678Z,2026-02-20T21:59:28.780Z,,,
2026-02-20,unknown,sv1,00,6,1,"{""00"": 1}",1.0,arn:aws:braket:us-west-1:835581428919:quantum-task/6de88fa7-0eab-4c50-b2eb-3c233021b687,2026-02-20T21:59:13.376Z,2026-02-20T21:59:15.011Z,,,
2026-02-20,unknown,sv1,11,1,1,"{""10"": 1}",1.0,arn:aws:braket:us-west-1:835581428919:quantum-task/891c45dd-208c-4d8e-b888-098849b34c15,2026-02-20T21:59:40.226Z,2026-02-20T21:59:41.134Z,,,
2026-02-20,unknown,sv1,00,4,1,"{""00"": 1}",1.0,arn:aws:braket:us-west-1:835581428919:quantum-task/8ecc66f0-a65f-4762-8403-1d55179f50eb,2026-02-20T21:59:07.542Z,2026-02-20T21:59:08.734Z,,,
2026-02-20,unknown,sv1,01,5,1,"{""11"": 1}",1.0,arn:aws:braket:us-west-1:835581428919:quantum-task/a73e4df2-798b-4761-9cce-ed6d878184a9,2026-02-20T21:59:25.867Z,2026-02-20T21:59:26.851Z,,,
2026-02-20,unknown,sv1,01,4,1,"{""10"": 1}",1.0,arn:aws:braket:us-west-1:835581428919:quantum-task/a8685605-479b-4287-83db-23ff09561bc5,2026-02-20T21:59:23.935Z,2026-02-20T21:59:24.916Z,,,
2026-02-20,unknown,sv1,10,5,1,"{""10"": 1}",1.0,arn:aws:braket:us-west-1:835581428919:quantum-task/ab6d90e9-77e8-441e-8bb2-0c7a6fd54e0d,2026-02-20T21:59:36.614Z,2026-02-20T21:59:37.758Z,,,
2026-02-20,unknown,sv1,10,4,1,"{""11"": 1}",1.0,arn:aws:braket:us-west-1:835581428919:quantum-task/ad6d30df-f2ad-415b-9aab-1a7f20bddcbf,2026-02-20T21:59:34.797Z,2026-02-20T21:59:35.617Z,,,
2026-02-20,unknown,sv1,10,3,1,"{""01"": 1}",1.0,arn:aws:braket:us-west-1:835581428919:quantum-task/bbf929f7-ff6e-4c46-99af-18ca9f49c850,2026-02-20T21:59:33.025Z,2026-02-20T21:59:33.796Z,,,
2026-02-20,unknown,sv1,11,5,1,"{""01"": 1}",1.0,arn:aws:braket:us-west-1:835581428919:quantum-task/cc629a97-0585-47e2-aa8b-ea29245be6c8,2026-02-20T21:59:50.673Z,2026-02-20T21:59:51.575Z,,,
2026-02-20,unknown,sv1,01,3,1,"{""10"": 1}",1.0,arn:aws:braket:us-west-1:835581428919:quantum-task/d8e0450d-c1de-4ccd-9fb7-cab1b8596076,2026-02-20T21:59:21.035Z,2026-02-20T21:59:22.200Z,,,
2026-02-20,unknown,sv1,10,6,1,"{""10"": 1}",1.0,arn:aws:braket:us-west-1:835581428919:quantum-task/e40934fe-98a7-4cf5-886e-d14d95368854,2026-02-20T21:59:38.428Z,2026-02-20T21:59:39.592Z,,,
2026-02-20,unknown,sv1,00,3,1,"{""00"": 1}",1.0,arn:aws:braket:us-west-1:835581428919:quantum-task/ef0c803e-d42b-41d8-a725-4a96d4af53b1,2026-02-20T21:59:04.581Z,2026-02-20T21:59:05.820Z,,,
2026-02-20,unknown,sv1,11,2,1,"{""10"": 1}",1.0,arn:aws:braket:us-west-1:835581428919:quantum-task/f0a28053-4642-41d8-9799-a6729e54f1b5,2026-02-20T21:59:41.959Z,2026-02-20T21:59:43.315Z,,,
2026-02-27,unknown,sv1,10,6,1,"{""10"": 1}",1.0,arn:aws:braket:us-west-1:835581428919:quantum-task/0ccd8a7a-76a9-4a9f-b863-9ccae480c140,2026-02-27T20:20:05.951Z,2026-02-27T20:20:07.098Z,,,
2026-02-27,unknown,sv1,01,5,1,"{""11"": 1}",1.0,arn:aws:braket:us-west-1:835581428919:quantum-task/2145df60-3a35-4bf9-bff3-47e317d0ca41,2026-02-27T20:19:48.876Z,2026-02-27T20:19:50.167Z,,,
2026-02-27,unknown,sv1,01,6,1,"{""01"": 1}",1.0,arn:aws:braket:us-west-1:835581428919:quantum-task/29f9df20-08f4-49b5-86bb-b852c92ab72c,2026-02-27T20:19:51.672Z,2026-02-27T20:19:52.618Z,,,
2026-02-27,unknown,sv1,11,3,1,"{""11"": 1}",1.0,arn:aws:braket:us-west-1:835581428919:quantum-task/2dae1e34-7a61-46bc-8197-361dd3690a4a,2026-02-27T20:20:14.378Z,2026-02-27T20:20:15.592Z,,,
2026-02-27,unknown,sv1,10,2,1,"{""01"": 1}",1.0,arn:aws:braket:us-west-1:835581428919:quantum-task/34507b71-a3cb-4fdd-849c-f4ee41a74ada,2026-02-27T20:19:55.079Z,2026-02-27T20:19:56.126Z,,,
2026-02-27,unknown,sv1,00,5,1,"{""00"": 1}",1.0,arn:aws:braket:us-west-1:835581428919:quantum-task/36f23e4e-6cfa-403e-ac0f-75291c78d3f0,2026-02-27T20:19:32.783Z,2026-02-27T20:19:34.164Z,,,
2026-02-27,unknown,sv1,01,1,1,"{""01"": 1}",1.0,arn:aws:braket:us-west-1:835581428919:quantum-task/48be0b2e-51ca-471d-8bd7-defe63554703,2026-02-27T20:19:38.513Z,2026-02-27T20:19:39.845Z,,,
2026-02-27,unknown,sv1,10,4,1,"{""11"": 1}",1.0,arn:aws:braket:us-west-1:835581428919:quantum-task/4f6dd950-4771-4a84-83e0-6fbca652413d,2026-02-27T20:20:00.544Z,2026-02-27T20:20:01.596Z,,,
2026-02-27,unknown,sv1,00,1,1,"{""00"": 1}",1.0,arn:aws:braket:us-west-1:835581428919:quantum-task/5e1b5b26-11d1-4ee9-b5dd-5905bed0e630,2026-02-27T20:19:19.959Z,2026-02-27T20:19:21.123Z,,,
2026-02-27,unknown,sv1,10,5,1,"{""10"": 1}",1.0,arn:aws:braket:us-west-1:835581428919:quantum-task/6b07992d-8b41-4320-9127-3cd2fa60ecf9,2026-02-27T20:20:03.242Z,2026-02-27T20:20:04.739Z,,,
2026-02-27,unknown,sv1,11,2,1,"{""10"": 1}",1.0,arn:aws:braket:us-west-1:835581428919:quantum-task/794b82fd-f89f-4a21-9683-9c5518fdffaa,2026-02-27T20:20:11.497Z,2026-02-27T20:20:12.689Z,,,
2026-02-27,unknown,sv1,01,3,1,"{""10"": 1}",1.0,arn:aws:braket:us-west-1:835581428919:quantum-task/84f71256-3dc8-40fc-ac89-9c036a743493,2026-02-27T20:19:43.159Z,2026-02-27T20:19:44.323Z,,,
2026-02-27,unknown,sv1,01,2,1,"{""11"": 1}",1.0,arn:aws:braket:us-west-1:835581428919:quantum-task/868bff46-fe22-4c10-aced-63816611474d,2026-02-27T20:19:41.422Z,2026-02-27T20:19:42.519Z,,,
2026-02-27,unknown,sv1,01,4,1,"{""10"": 1}",1.0,arn:aws:braket:us-west-1:835581428919:quantum-task/8f804be3-08ee-43ba-a58e-bcefcd0e69a8,2026-02-27T20:19:45.968Z,2026-02-27T20:19:47.078Z,,,
2026-02-27,unknown,sv1,00,3,1,"{""00"": 1}",1.0,arn:aws:braket:us-west-1:835581428919:quantum-task/9dc68aca-80cb-4703-932e-30655f46888d,2026-02-27T20:19:26.570Z,2026-02-27T20:19:27.920Z,,,
2026-02-27,unknown,sv1,00,6,1,"{""00"": 1}",1.0,arn:aws:braket:us-west-1:835581428919:quantum-task/9ef79b7d-354e-4adf-a28a-574d5e6e57bd,2026-02-27T20:19:35.661Z,2026-02-27T20:19:37.082Z,,,
2026-02-27,unknown,sv1,00,4,1,"{""00"": 1}",1.0,arn:aws:braket:us-west-1:835581428919:quantum-task/a0c7801c-0d48-474f-85a7-278ca929b6b4,2026-02-27T20:19:29.409Z,2026-02-27T20:19:30.589Z,,,
2026-02-27,unknown,sv1,11,4,1,"{""01"": 1}",1.0,arn:aws:braket:us-west-1:835581428919:quantum-task/a9879089-a264-49e6-bd3f-0fb03e12e776,2026-02-27T20:20:17.210Z,2026-02-27T20:20:18.184Z,,,
2026-02-27,unknown,sv1,11,6,1,"{""11"": 1}",1.0,arn:aws:braket:us-west-1:835581428919:quantum-task/ae2486e7-a233-4bdd-98ba-e50c805221eb,2026-02-27T20:20:21.643Z,2026-02-27T20:20:22.630Z,,,
2026-02-27,unknown,sv1,10,3,1,"{""01"": 1}",1.0,arn:aws:braket:us-west-1:835581428919:quantum-task/bd4fdc27-71e5-4ce2-83e7-f32fbcfc1222,2026-02-27T20:19:57.793Z,2026-02-27T20:19:59.245Z,,,
2026-02-27,unknown,sv1,11,1,1,"{""10"": 1}",1.0,arn:aws:braket:us-west-1:835581428919:quantum-task/c9b3fa53-26d1-4d51-bdd1-9eb852b76560,2026-02-27T20:20:08.719Z,2026-02-27T20:20:09.875Z,,,
2026-02-27,unknown,sv1,10,1,1,"{""11"": 1}",1.0,arn:aws:braket:us-west-1:835581428919:quantum-task/ce23b037-50cc-4585-94b6-f43a483cb101,2026-02-27T20:19:53.363Z,2026-02-27T20:19:54.360Z,,,
2026-02-27,unknown,sv1,00,2,1,"{""00"": 1}",1.0,arn:aws:braket:us-west-1:835581428919:quantum-task/d824cb63-4e96-444b-9274-db404a6b72af,2026-02-27T20:19:23.670Z,2026-02-27T20:19:24.977Z,,,
2026-02-27,unknown,sv1,11,5,1,"{""01"": 1}",1.0,arn:aws:braket:us-west-1:835581428919:quantum-task/f2122913-db59-40eb-8dc9-729d284c0cc7,2026-02-27T20:20:18.887Z,2026-02-27T20:20:20.108Z,,,
2026-03-06,unknown,sv1,00,4,1,"{""00"": 1}",1.0,arn:aws:braket:us-west-1:835581428919:quantum-task/043fe6e3-4ab4-408d-8907-9444c65adfa1,2026-03-06T20:53:17.213Z,2026-03-06T20:53:18.289Z,,,
2026-03-06,unknown,sv1,11,5,1,"{""01"": 1}",1.0,arn:aws:braket:us-west-1:835581428919:quantum-task/16383e1c-5597-4a96-a87a-672127eecc0a,2026-03-06T20:54:03.935Z,2026-03-06T20:54:05.314Z,,,
2026-03-06,unknown,sv1,10,1,1,"{""11"": 1}",1.0,arn:aws:braket:us-west-1:835581428919:quantum-task/1ef20ac3-c545-417b-a353-2171eefc6f2f,2026-03-06T20:53:41.070Z,2026-03-06T20:53:42.229Z,,,
2026-03-06,unknown,sv1,10,2,1,"{""01"": 1}",1.0,arn:aws:braket:us-west-1:835581428919:quantum-task/29dcac3a-388e-43c2-921b-e3d26c28d912,2026-03-06T20:53:43.912Z,2026-03-06T20:53:45.185Z,,,
2026-03-06,unknown,sv1,00,6,1,"{""00"": 1}",1.0,arn:aws:braket:us-west-1:835581428919:quantum-task/2c14cfa4-a536-4066-a8a2-94c787eb5d62,2026-03-06T20:53:21.954Z,2026-03-06T20:53:23.631Z,,,
2026-03-06,unknown,sv1,01,4,1,"{""10"": 1}",1.0,arn:aws:braket:us-west-1:835581428919:quantum-task/3cdd4ea2-a666-4491-80de-2a5c6c6a464e,2026-03-06T20:53:33.509Z,2026-03-06T20:53:34.822Z,,,
2026-03-06,unknown,sv1,00,3,1,"{""00"": 1}",1.0,arn:aws:braket:us-west-1:835581428919:quantum-task/3fff8b61-cf67-435f-9c36-fdc9529e3656,2026-03-06T20:53:14.381Z,2026-03-06T20:53:15.586Z,,,
2026-03-06,unknown,sv1,10,6,1,"{""10"": 1}",1.0,arn:aws:braket:us-west-1:835581428919:quantum-task/40d54fa4-b651-4f98-9fc1-5ff2e53eda97,2026-03-06T20:53:53.259Z,2026-03-06T20:53:54.296Z,,,
2026-03-06,unknown,sv1,01,5,1,"{""11"": 1}",1.0,arn:aws:braket:us-west-1:835581428919:quantum-task/4321d428-536b-4cee-b4ab-6179574e6ab8,2026-03-06T20:53:36.517Z,2026-03-06T20:53:37.748Z,,,
2026-03-06,unknown,sv1,11,3,1,"{""11"": 1}",1.0,arn:aws:braket:us-west-1:835581428919:quantum-task/5359074f-c36c-4b62-8e06-b52ac4f0b338,2026-03-06T20:53:59.869Z,2026-03-06T20:54:00.808Z,,,
2026-03-06,unknown,sv1,11,6,1,"{""11"": 1}",1.0,arn:aws:braket:us-west-1:835581428919:quantum-task/609212dd-ff09-4eeb-91f3-8ba5ec7c3447,2026-03-06T20:54:06.797Z,2026-03-06T20:54:07.690Z,,,
2026-03-06,unknown,sv1,01,2,1,"{""11"": 1}",1.0,arn:aws:braket:us-west-1:835581428919:quantum-task/7a8af9e6-faeb-42fa-aef2-c505824e647c,2026-03-06T20:53:27.667Z,2026-03-06T20:53:29.108Z,,,
2026-03-06,unknown,sv1,10,4,1,"{""11"": 1}",1.0,arn:aws:braket:us-west-1:835581428919:quantum-task/8071643c-7fc4-4f5d-b7f2-1d354ca73b0d,2026-03-06T20:53:48.591Z,2026-03-06T20:53:49.546Z,,,
2026-03-06,unknown,sv1,11,4,1,"{""01"": 1}",1.0,arn:aws:braket:us-west-1:835581428919:quantum-task/92324495-b721-42a1-adec-fd6e23e3e026,2026-03-06T20:54:02.094Z,2026-03-06T20:54:02.991Z,,,
2026-03-06,unknown,sv1,01,1,1,"{""01"": 1}",1.0,arn:aws:braket:us-west-1:835581428919:quantum-task/9ea20283-0812-473d-9a41-9b8abf0aef87,2026-03-06T20:53:24.834Z,2026-03-06T20:53:26.025Z,,,
2026-03-06,unknown,sv1,00,5,1,"{""00"": 1}",1.0,arn:aws:braket:us-west-1:835581428919:quantum-task/9ef1f10e-5933-4b09-8c70-219b370fe5da,2026-03-06T20:53:19.091Z,2026-03-06T20:53:20.368Z,,,
2026-03-06,unknown,sv1,11,1,1,"{""10"": 1}",1.0,arn:aws:braket:us-west-1:835581428919:quantum-task/a65a6b38-c78d-4a5c-886d-277aa438cb18,2026-03-06T20:53:55.063Z,2026-03-06T20:53:57.263Z,,,
2026-03-06,unknown,sv1,10,5,1,"{""10"": 1}",1.0,arn:aws:braket:us-west-1:835581428919:quantum-task/b29105d5-2364-4621-a680-4b215529f721,2026-03-06T20:53:50.406Z,2026-03-06T20:53:51.691Z,,,
2026-03-06,unknown,sv1,10,3,1,"{""01"": 1}",1.0,arn:aws:braket:us-west-1:835581428919:quantum-task/b5939340-5fce-4abf-afa1-78fc01a1cb6c,2026-03-06T20:53:46.853Z,2026-03-06T20:53:47.696Z,,,
2026-03-06,unknown,sv1,00,2,1,"{""00"": 1}",1.0,arn:aws:braket:us-west-1:835581428919:quantum-task/bf15a200-759b-4b4a-bca5-b2636a120a5f,2026-03-06T20:53:11.408Z,2026-03-06T20:53:12.826Z,,,
2026-03-06,unknown,sv1,00,1,1,"{""00"": 1}",1.0,arn:aws:braket:us-west-1:835581428919:quantum-task/c7fe2863-8779-4b87-aba1-533d9579570c,2026-03-06T20:53:07.883Z,2026-03-06T20:53:09.598Z,,,
2026-03-06,unknown,sv1,01,3,1,"{""10"": 1}",1.0,arn:aws:braket:us-west-1:835581428919:quantum-task/d885bf53-0cd8-4c68-946c-6362bcc0717a,2026-03-06T20:53:30.555Z,2026-03-06T20:53:31.795Z,,,
2026-03-06,unknown,sv1,11,2,1,"{""10"": 1}",1.0,arn:aws:braket:us-west-1:835581428919:quantum-task/ef261895-7e2a-45cd-904b-47dfbff84626,2026-03-06T20:53:57.960Z,2026-03-06T20:53:59.068Z,,,
2026-03-06,unknown,sv1,01,6,1,"{""01"": 1}",1.0,arn:aws:braket:us-west-1:835581428919:quantum-task/f115e8be-4c19-4379-886b-5c95f5f26e4a,2026-03-06T20:53:39.358Z,2026-03-06T20:53:40.244Z,,,
2026-03-13,unknown,sv1,01,3,1,"{""10"": 1}",1.0,arn:aws:braket:us-west-1:835581428919:quantum-task/063e0a09-fa4e-480d-966c-5d5483154846,2026-03-13T19:13:24.623Z,2026-03-13T19:13:26.030Z,,,
2026-03-13,unknown,sv1,11,6,1,"{""11"": 1}",1.0,arn:aws:braket:us-west-1:835581428919:quantum-task/0b74d4ff-b86e-4ffa-9157-9ac99df94eb0,2026-03-13T19:13:55.788Z,2026-03-13T19:13:56.900Z,,,
2026-03-13,unknown,sv1,11,5,1,"{""01"": 1}",1.0,arn:aws:braket:us-west-1:835581428919:quantum-task/27b200f9-278b-45ac-8c51-88b4cd0ff8af,2026-03-13T19:13:54.101Z,2026-03-13T19:13:54.930Z,,,
2026-03-13,unknown,sv1,01,5,1,"{""11"": 1}",1.0,arn:aws:braket:us-west-1:835581428919:quantum-task/29368464-eccb-49c0-b6b1-62853bd87db8,2026-03-13T19:13:29.271Z,2026-03-13T19:13:30.435Z,,,
2026-03-13,unknown,sv1,10,1,1,"{""11"": 1}",1.0,arn:aws:braket:us-west-1:835581428919:quantum-task/3aae8377-1163-498d-a015-c687a53eaaee,2026-03-13T19:13:34.947Z,2026-03-13T19:13:35.905Z,,,
2026-03-13,unknown,sv1,11,1,1,"{""10"": 1}",1.0,arn:aws:braket:us-west-1:835581428919:quantum-task/580d5e3f-22a8-4b12-b35e-c223cbc7ca3a,2026-03-13T19:13:46.294Z,2026-03-13T19:13:47.469Z,,,
2026-03-13,unknown,sv1,01,4,1,"{""10"": 1}",1.0,arn:aws:braket:us-west-1:835581428919:quantum-task/5cf2bf1f-f4ec-4385-a61f-0f2de0332703,2026-03-13T19:13:27.563Z,2026-03-13T19:13:28.655Z,,,
2026-03-13,unknown,sv1,00,2,1,"{""00"": 1}",1.0,arn:aws:braket:us-west-1:835581428919:quantum-task/6348211b-a482-4de0-ac49-620abfc1e61d,2026-03-13T19:13:06.206Z,2026-03-13T19:13:07.357Z,,,
2026-03-13,unknown,sv1,00,6,1,"{""00"": 1}",1.0,arn:aws:braket:us-west-1:835581428919:quantum-task/6b69fcb9-c0db-46ba-884a-58b453f64f85,2026-03-13T19:13:16.291Z,2026-03-13T19:13:17.327Z,,,
2026-03-13,unknown,sv1,11,4,1,"{""01"": 1}",1.0,arn:aws:braket:us-west-1:835581428919:quantum-task/714d0af7-81a4-48b1-85d5-4bdf1534826c,2026-03-13T19:13:52.415Z,2026-03-13T19:13:53.434Z,,,
2026-03-13,unknown,sv1,10,6,1,"{""10"": 1}",1.0,arn:aws:braket:us-west-1:835581428919:quantum-task/80f61738-469f-4362-9899-b2248947ab05,2026-03-13T19:13:44.604Z,2026-03-13T19:13:45.610Z,,,
2026-03-13,unknown,sv1,00,4,1,"{""00"": 1}",1.0,arn:aws:braket:us-west-1:835581428919:quantum-task/8cad82da-3adf-4b0c-b24d-7a9247045439,2026-03-13T19:13:11.794Z,2026-03-13T19:13:12.995Z,,,
2026-03-13,unknown,sv1,01,1,1,"{""01"": 1}",1.0,arn:aws:braket:us-west-1:835581428919:quantum-task/9521dace-c040-4887-aac2-9a8f4ae21343,2026-03-13T19:13:19.076Z,2026-03-13T19:13:20.381Z,,,
2026-03-13,unknown,sv1,00,3,1,"{""00"": 1}",1.0,arn:aws:braket:us-west-1:835581428919:quantum-task/9a64809f-f1fa-4e7e-b373-6f4d8b9b9634,2026-03-13T19:13:08.991Z,2026-03-13T19:13:10.169Z,,,
2026-03-13,unknown,sv1,01,2,1,"{""11"": 1}",1.0,arn:aws:braket:us-west-1:835581428919:quantum-task/a225fd74-3593-4a0e-ab23-9d17e165d4f8,2026-03-13T19:13:21.863Z,2026-03-13T19:13:23.940Z,,,
2026-03-13,unknown,sv1,01,6,1,"{""01"": 1}",1.0,arn:aws:braket:us-west-1:835581428919:quantum-task/a8c144ad-aec1-4d89-8978-e229e2bc5ccf,2026-03-13T19:13:32.107Z,2026-03-13T19:13:33.409Z,,,
2026-03-13,unknown,sv1,10,2,1,"{""01"": 1}",1.0,arn:aws:braket:us-west-1:835581428919:quantum-task/b25803a6-3f42-4977-8ea0-ad8a44e96ca9,2026-03-13T19:13:36.670Z,2026-03-13T19:13:37.833Z,,,
2026-03-13,unknown,sv1,11,3,1,"{""11"": 1}",1.0,arn:aws:braket:us-west-1:835581428919:quantum-task/bb1b11f0-e611-43b2-9140-b5617a122893,2026-03-13T19:13:50.721Z,2026-03-13T19:13:51.621Z,,,
2026-03-13,unknown,sv1,00,1,1,"{""00"": 1}",1.0,arn:aws:braket:us-west-1:835581428919:quantum-task/d9a640c6-ca48-4d1a-9f61-201b39e4e86e,2026-03-13T19:13:02.855Z,2026-03-13T19:13:04.160Z,,,
2026-03-13,unknown,sv1,10,3,1,"{""01"": 1}",1.0,arn:aws:braket:us-west-1:835581428919:quantum-task/d9c051ec-59ff-4b62-bac9-a4c8f5e6f4e1,2026-03-13T19:13:39.455Z,2026-03-13T19:13:40.412Z,,,
2026-03-13,unknown,sv1,10,4,1,"{""11"": 1}",1.0,arn:aws:braket:us-west-1:835581428919:quantum-task/e14a3795-0f02-4d29-8ae3-9e308d93fabd,2026-03-13T19:13:41.148Z,2026-03-13T19:13:42.186Z,,,
2026-03-13,unknown,sv1,10,5,1,"{""10"": 1}",1.0,arn:aws:braket:us-west-1:835581428919:quantum-task/ebb47136-eb69-4407-acb9-9d52572d1df7,2026-03-13T19:13:42.836Z,2026-03-13T19:13:43.889Z,,,
2026-03-13,unknown,sv1,00,5,1,"{""00"": 1}",1.0,arn:aws:braket:us-west-1:835581428919:quantum-task/fbb5ff4b-bfff-4c31-b01f-c3d8203b1767,2026-03-13T19:13:14.611Z,2026-03-13T19:13:15.583Z,,,
2026-03-13,unknown,sv1,11,2,1,"{""10"": 1}",1.0,arn:aws:braket:us-west-1:835581428919:quantum-task/ff8c1339-d1b1-4479-973c-3f318c39d688,2026-03-13T19:13:49.035Z,2026-03-13T19:13:49.947Z,,,
2026-03-20,unknown,sv1,11,4,1,"{""01"": 1}",1.0,arn:aws:braket:us-west-1:835581428919:quantum-task/07062271-ac03-4752-ba22-3efd31afe945,2026-03-20T16:58:25.411Z,2026-03-20T16:58:26.888Z,,,
2026-03-20,unknown,sv1,01,1,1,"{""01"": 1}",1.0,arn:aws:braket:us-west-1:835581428919:quantum-task/0ca18e6d-6f94-48fa-8f07-673d9486a16b,2026-03-20T16:57:45.891Z,2026-03-20T16:57:47.042Z,,,
2026-03-20,unknown,sv1,01,2,1,"{""11"": 1}",1.0,arn:aws:braket:us-west-1:835581428919:quantum-task/1d37f26c-3b01-453d-9407-223f2b183962,2026-03-20T16:57:48.634Z,2026-03-20T16:57:49.500Z,,,
2026-03-20,unknown,sv1,10,6,1,"{""10"": 1}",1.0,arn:aws:braket:us-west-1:835581428919:quantum-task/20e3b9b0-d893-43a7-8f6a-3238b9f14ebe,2026-03-20T16:58:15.141Z,2026-03-20T16:58:16.082Z,,,
2026-03-20,unknown,sv1,10,1,1,"{""11"": 1}",1.0,arn:aws:braket:us-west-1:835581428919:quantum-task/326b0553-0e7f-40a3-a7ee-f57718ed990c,2026-03-20T16:58:01.972Z,2026-03-20T16:58:02.757Z,,,
2026-03-20,unknown,sv1,00,2,1,"{""00"": 1}",1.0,arn:aws:braket:us-west-1:835581428919:quantum-task/47c4bdbf-4f60-4d72-a939-af5a64c5f797,2026-03-20T16:57:32.530Z,2026-03-20T16:57:34.076Z,,,
2026-03-20,unknown,sv1,00,3,1,"{""00"": 1}",1.0,arn:aws:braket:us-west-1:835581428919:quantum-task/4d3f5db0-f13d-493d-be9e-e1a3c1545813,2026-03-20T16:57:35.809Z,2026-03-20T16:57:37.103Z,,,
2026-03-20,unknown,sv1,11,5,1,"{""01"": 1}",1.0,arn:aws:braket:us-west-1:835581428919:quantum-task/536deb6d-8917-4a86-97ec-8c1f1a578dc0,2026-03-20T16:58:28.112Z,2026-03-20T16:58:29.396Z,,,
2026-03-20,unknown,sv1,00,5,1,"{""00"": 1}",1.0,arn:aws:braket:us-west-1:835581428919:quantum-task/5c390dbc-7b12-4692-94a7-76efc1f66540,2026-03-20T16:57:41.349Z,2026-03-20T16:57:42.835Z,,,
2026-03-20,unknown,sv1,01,4,1,"{""10"": 1}",1.0,arn:aws:braket:us-west-1:835581428919:quantum-task/635e122d-8a6a-412c-b846-738eb028cafc,2026-03-20T16:57:53.037Z,2026-03-20T16:57:55.047Z,,,
2026-03-20,unknown,sv1,11,1,1,"{""10"": 1}",1.0,arn:aws:braket:us-west-1:835581428919:quantum-task/68f6dd0d-d02f-4d87-918d-8e30368fa2eb,2026-03-20T16:58:16.803Z,2026-03-20T16:58:18.034Z,,,
2026-03-20,unknown,sv1,11,2,1,"{""10"": 1}",1.0,arn:aws:braket:us-west-1:835581428919:quantum-task/69853319-e370-4214-8cb2-d504f238cb27,2026-03-20T16:58:19.596Z,2026-03-20T16:58:20.974Z,,,
2026-03-20,unknown,sv1,00,1,1,"{""00"": 1}",1.0,arn:aws:braket:us-west-1:835581428919:quantum-task/69f3dea6-cda7-46d6-bcc5-4e5c0956c593,2026-03-20T16:57:29.718Z,2026-03-20T16:57:30.960Z,,,
2026-03-20,unknown,sv1,10,5,1,"{""10"": 1}",1.0,arn:aws:braket:us-west-1:835581428919:quantum-task/6b1a8b7d-43a0-4a51-b7d1-8c6275b8880c,2026-03-20T16:58:12.369Z,2026-03-20T16:58:13.572Z,,,
2026-03-20,unknown,sv1,01,3,1,"{""10"": 1}",1.0,arn:aws:braket:us-west-1:835581428919:quantum-task/7e67b50f-e21e-478d-8366-79ca3ffea638,2026-03-20T16:57:50.298Z,2026-03-20T16:57:51.759Z,,,
2026-03-20,unknown,sv1,00,4,1,"{""00"": 1}",1.0,arn:aws:braket:us-west-1:835581428919:quantum-task/98b340a6-43ce-468e-a373-93674f17b4a7,2026-03-20T16:57:38.594Z,2026-03-20T16:57:39.899Z,,,
2026-03-20,unknown,sv1,10,4,1,"{""11"": 1}",1.0,arn:aws:braket:us-west-1:835581428919:quantum-task/b612e34b-5e38-4e7d-8a7c-0a395164236d,2026-03-20T16:58:09.626Z,2026-03-20T16:58:10.835Z,,,
2026-03-20,unknown,sv1,00,6,1,"{""00"": 1}",1.0,arn:aws:braket:us-west-1:835581428919:quantum-task/b8ca1fab-9b39-4f70-b2f9-e65d27dd9bd4,2026-03-20T16:57:44.041Z,2026-03-20T16:57:45.021Z,,,
2026-03-20,unknown,sv1,01,5,1,"{""11"": 1}",1.0,arn:aws:braket:us-west-1:835581428919:quantum-task/ba5f199a-588e-48b6-9753-5df04259e8b2,2026-03-20T16:57:56.455Z,2026-03-20T16:57:57.742Z,,,
2026-03-20,unknown,sv1,11,3,1,"{""11"": 1}",1.0,arn:aws:braket:us-west-1:835581428919:quantum-task/dad60591-2c6c-4867-bebd-3d45e9883314,2026-03-20T16:58:22.675Z,2026-03-20T16:58:24.173Z,,,
2026-03-20,unknown,sv1,11,6,1,"{""11"": 1}",1.0,arn:aws:braket:us-west-1:835581428919:quantum-task/f2542220-d670-4acf-92f8-3bc2f9222bd0,2026-03-20T16:58:30.769Z,2026-03-20T16:58:31.915Z,,,
2026-03-20,unknown,sv1,10,2,1,"{""01"": 1}",1.0,arn:aws:braket:us-west-1:835581428919:quantum-task/f48b438a-b5c4-40b7-9ef4-6cb2c121e240,2026-03-20T16:58:03.620Z,2026-03-20T16:58:04.810Z,,,
2026-03-20,unknown,sv1,10,3,1,"{""01"": 1}",1.0,arn:aws:braket:us-west-1:835581428919:quantum-task/f5b561b0-8d99-42c1-b070-ceed0fd3a800,2026-03-20T16:58:06.849Z,2026-03-20T16:58:08.160Z,,,
2026-03-20,unknown,sv1,01,6,1,"{""01"": 1}",1.0,arn:aws:braket:us-west-1:835581428919:quantum-task/f5d647b6-c4ee-4f2f-9570-eb7485f38eb5,2026-03-20T16:57:59.226Z,2026-03-20T16:58:00.749Z,,,
2026-03-26,unknown,sv1,00,2,100,"{""00"": 100}",1.0,arn:aws:braket:us-west-1:835581428919:quantum-task/032dae9f-7dc0-4065-9d78-1d3f833944f5,2026-03-26T07:09:14.584Z,2026-03-26T07:09:15.451Z,,,
2026-03-26,unknown,sv1,11,2,100,"{""10"": 100}",1.0,arn:aws:braket:us-west-1:835581428919:quantum-task/07bd8fbf-8ed0-45e4-9079-36af7eb4556c,2026-03-26T07:09:05.315Z,2026-03-26T07:09:07.297Z,,,
2026-03-26,unknown,sv1,01,2,100,"{""11"": 100}",1.0,arn:aws:braket:us-west-1:835581428919:quantum-task/08be2372-3b22-45e0-8512-b9e0a2fd085c,2026-03-26T07:09:09.315Z,2026-03-26T07:09:10.445Z,,,
2026-03-26,unknown,sv1,10,4,100,"{""11"": 100}",1.0,arn:aws:braket:us-west-1:835581428919:quantum-task/092d7ed6-906c-471e-be8b-1b78ce8b88b7,2026-03-26T07:08:51.634Z,2026-03-26T07:08:52.761Z,,,
2026-03-26,unknown,sv1,01,1,100,"{""01"": 100}",1.0,arn:aws:braket:us-west-1:835581428919:quantum-task/0c475944-fc17-4647-92a9-de93803e0a10,2026-03-26T07:09:13.864Z,2026-03-26T07:09:14.617Z,,,
2026-03-26,unknown,sv1,11,4,100,"{""01"": 100}",1.0,arn:aws:braket:us-west-1:835581428919:quantum-task/0c9c6591-ef24-47b4-8d3e-45adffe18051,2026-03-26T07:09:10.464Z,2026-03-26T07:09:11.631Z,,,
2026-03-26,unknown,sv1,11,3,100,"{""11"": 100}",1.0,arn:aws:braket:us-west-1:835581428919:quantum-task/0e54a058-fbb6-4869-a298-7652d2b748e2,2026-03-26T07:09:05.675Z,2026-03-26T07:09:06.637Z,,,
2026-03-26,unknown,sv1,00,3,1,"{""00"": 1}",1.0,arn:aws:braket:us-west-1:835581428919:quantum-task/1253a776-316c-4f84-b477-3de58b79a175,2026-03-26T07:06:36.322Z,2026-03-26T07:06:37.463Z,,,
2026-03-26,unknown,sv1,00,1,100,"{""00"": 100}",1.0,arn:aws:braket:us-west-1:835581428919:quantum-task/13ceb8b4-955a-4da1-9fbd-8b2da4527dde,2026-03-26T07:09:15.678Z,2026-03-26T07:09:16.602Z,,,
2026-03-26,unknown,sv1,01,3,1,"{""10"": 1}",1.0,arn:aws:braket:us-west-1:835581428919:quantum-task/1674ab6b-de1c-4774-a284-a6adc3a1d201,2026-03-26T07:06:50.057Z,2026-03-26T07:06:51.142Z,,,
2026-03-26,unknown,sv1,01,1,100,"{""01"": 100}",1.0,arn:aws:braket:us-west-1:835581428919:quantum-task/1691a0a0-05ad-4f9e-92f9-2ad83d75353f,2026-03-26T07:09:07.976Z,2026-03-26T07:09:08.910Z,,,
2026-03-26,unknown,sv1,00,5,1,"{""00"": 1}",1.0,arn:aws:braket:us-west-1:835581428919:quantum-task/174fba7b-cabe-4f4b-9201-5e8e59bb546d,2026-03-26T07:06:41.873Z,2026-03-26T07:06:43.335Z,,,
2026-03-26,unknown,sv1,00,6,100,"{""00"": 100}",1.0,arn:aws:braket:us-west-1:835581428919:quantum-task/1776c0c1-85bf-427d-b303-3dd740ed81ba,2026-03-26T07:09:05.863Z,2026-03-26T07:09:08.358Z,,,
2026-03-26,unknown,sv1,01,4,100,"{""10"": 100}",1.0,arn:aws:braket:us-west-1:835581428919:quantum-task/1b0c1ee0-bfbe-4457-bc20-fc657cd66b26,2026-03-26T07:09:12.972Z,2026-03-26T07:09:13.972Z,,,
2026-03-26,unknown,sv1,10,3,100,"{""01"": 100}",1.0,arn:aws:braket:us-west-1:835581428919:quantum-task/1dea023c-5004-4195-862e-f713334d05b7,2026-03-26T07:09:14.775Z,2026-03-26T07:09:20.164Z,,,
2026-03-26,unknown,sv1,00,3,100,"{""00"": 100}",1.0,arn:aws:braket:us-west-1:835581428919:quantum-task/1e6873d4-17a7-47e9-a8bf-f02246ec445b,2026-03-26T07:09:07.790Z,2026-03-26T07:09:08.611Z,,,
2026-03-26,unknown,sv1,10,6,100,"{""10"": 100}",1.0,arn:aws:braket:us-west-1:835581428919:quantum-task/22f64d4f-2a5f-4ad1-b60a-b8cec1a65e74,2026-03-26T07:08:54.902Z,2026-03-26T07:08:56.443Z,,,
2026-03-26,unknown,sv1,00,1,100,"{""00"": 100}",1.0,arn:aws:braket:us-west-1:835581428919:quantum-task/2342d626-7ae2-431b-b818-89ea4a3c8a2a,2026-03-26T07:08:51.482Z,2026-03-26T07:08:53.326Z,,,
2026-03-26,unknown,sv1,10,1,1,"{""11"": 1}",1.0,arn:aws:braket:us-west-1:835581428919:quantum-task/256df78b-1bd4-427b-b35a-8db735096973,2026-03-26T07:06:59.125Z,2026-03-26T07:06:59.985Z,,,
2026-03-26,unknown,sv1,00,4,100,"{""00"": 100}",1.0,arn:aws:braket:us-west-1:835581428919:quantum-task/2655b095-2921-42f5-b62c-b45506e13dd5,2026-03-26T07:09:12.600Z,2026-03-26T07:09:13.606Z,,,
2026-03-26,unknown,sv1,10,2,100,"{""01"": 100}",1.0,arn:aws:braket:us-west-1:835581428919:quantum-task/293a029e-63b0-4e6e-9306-abf6fcaf5168,2026-03-26T07:08:55.642Z,2026-03-26T07:08:57.002Z,,,
2026-03-26,unknown,sv1,00,3,100,"{""00"": 100}",1.0,arn:aws:braket:us-west-1:835581428919:quantum-task/2ae676b2-3e57-4870-b49e-e8a6e0a76724,2026-03-26T07:08:54.142Z,2026-03-26T07:08:55.522Z,,,
2026-03-26,unknown,sv1,00,4,100,"{""00"": 100}",1.0,arn:aws:braket:us-west-1:835581428919:quantum-task/302be3e7-89b5-4970-ae39-83d74659c795,2026-03-26T07:09:14.037Z,2026-03-26T07:09:15.082Z,,,
2026-03-26,unknown,sv1,00,3,100,"{""00"": 100}",1.0,arn:aws:braket:us-west-1:835581428919:quantum-task/309b304d-57ce-4afc-8ea8-44841618abdf,2026-03-26T07:09:04.626Z,2026-03-26T07:09:05.693Z,,,
2026-03-26,unknown,sv1,11,6,1,"{""11"": 1}",1.0,arn:aws:braket:us-west-1:835581428919:quantum-task/353ff123-1dfd-4c17-abe3-2d43d29e5171,2026-03-26T07:07:22.932Z,2026-03-26T07:07:24.183Z,,,
2026-03-26,unknown,sv1,01,3,100,"{""10"": 100}",1.0,arn:aws:braket:us-west-1:835581428919:quantum-task/3bc07b03-94de-47d8-9607-a6102618ffd3,2026-03-26T07:09:04.292Z,2026-03-26T07:09:06.483Z,,,
2026-03-26,unknown,sv1,01,4,100,"{""10"": 100}",1.0,arn:aws:braket:us-west-1:835581428919:quantum-task/3c8c5508-da4f-4638-907f-fa7b5c849508,2026-03-26T07:09:16.398Z,2026-03-26T07:09:17.374Z,,,
2026-03-26,unknown,sv1,11,3,1,"{""11"": 1}",1.0,arn:aws:braket:us-west-1:835581428919:quantum-task/424bc715-12b5-4264-931e-e86701b896dc,2026-03-26T07:07:16.803Z,2026-03-26T07:07:17.715Z,,,
2026-03-26,unknown,sv1,11,3,100,"{""11"": 100}",1.0,arn:aws:braket:us-west-1:835581428919:quantum-task/448a1ef3-7007-41a8-a22a-5986c32f2769,2026-03-26T07:09:06.641Z,2026-03-26T07:09:08.159Z,,,
2026-03-26,unknown,sv1,11,2,1,"{""10"": 1}",1.0,arn:aws:braket:us-west-1:835581428919:quantum-task/482e69c1-0a66-4d69-9e96-14d874600a80,2026-03-26T07:07:15.072Z,2026-03-26T07:07:16.163Z,,,
2026-03-26,unknown,sv1,00,2,100,"{""00"": 100}",1.0,arn:aws:braket:us-west-1:835581428919:quantum-task/487bcd3b-3517-4703-a748-afa9d45b6d90,2026-03-26T07:09:16.027Z,2026-03-26T07:09:17.157Z,,,
2026-03-26,unknown,sv1,10,1,100,"{""11"": 100}",1.0,arn:aws:braket:us-west-1:835581428919:quantum-task/4bab922d-dda1-4848-8beb-5488af09b6ba,2026-03-26T07:08:56.005Z,2026-03-26T07:08:56.917Z,,,
2026-03-26,unknown,sv1,11,2,100,"{""10"": 100}",1.0,arn:aws:braket:us-west-1:835581428919:quantum-task/4c281b9f-4c21-4157-b231-f2037502dab2,2026-03-26T07:09:15.490Z,2026-03-26T07:09:16.564Z,,,
2026-03-26,unknown,sv1,11,6,100,"{""11"": 100}",1.0,arn:aws:braket:us-west-1:835581428919:quantum-task/503a84f4-9ec8-4f0a-a89c-3fbcde6c2fee,2026-03-26T07:08:54.724Z,2026-03-26T07:08:55.862Z,,,
2026-03-26,unknown,sv1,10,4,1,"{""11"": 1}",1.0,arn:aws:braket:us-west-1:835581428919:quantum-task/50e2690e-5105-4faf-8415-3278048e9be6,2026-03-26T07:07:06.136Z,2026-03-26T07:07:07.368Z,,,
2026-03-26,unknown,sv1,00,6,100,"{""00"": 100}",1.0,arn:aws:braket:us-west-1:835581428919:quantum-task/520767d5-2462-4cde-a59d-1c9691e031d5,2026-03-26T07:09:08.558Z,2026-03-26T07:09:09.627Z,,,
2026-03-26,unknown,sv1,11,6,100,"{""11"": 100}",1.0,arn:aws:braket:us-west-1:835581428919:quantum-task/532a923b-24de-4820-9959-3b067a112c1c,2026-03-26T07:09:08.174Z,2026-03-26T07:09:09.576Z,,,
2026-03-26,unknown,sv1,00,4,100,"{""00"": 100}",1.0,arn:aws:braket:us-west-1:835581428919:quantum-task/56a22172-b166-4686-a41e-33b3cc55f4cc,2026-03-26T07:09:10.086Z,2026-03-26T07:09:11.246Z,,,
2026-03-26,unknown,sv1,01,1,100,"{""01"": 100}",1.0,arn:aws:braket:us-west-1:835581428919:quantum-task/5775fb25-768d-4ea8-988f-b0f0ec2fb08e,2026-03-26T07:09:08.925Z,2026-03-26T07:09:10.157Z,,,
2026-03-26,unknown,sv1,00,5,100,"{""00"": 100}",1.0,arn:aws:braket:us-west-1:835581428919:quantum-task/58495d29-0112-43b1-b945-0f27bd2ef71d,2026-03-26T07:08:53.336Z,2026-03-26T07:08:54.308Z,,,
2026-03-26,unknown,sv1,01,2,100,"{""11"": 100}",1.0,arn:aws:braket:us-west-1:835581428919:quantum-task/5cd2640d-4bfe-467d-9f7e-f4fda137496f,2026-03-26T07:09:16.207Z,2026-03-26T07:09:17.706Z,,,
2026-03-26,unknown,sv1,10,1,100,"{""11"": 100}",1.0,arn:aws:braket:us-west-1:835581428919:quantum-task/5e985a41-3e10-4120-881a-dbea9941ac98,2026-03-26T07:09:09.883Z,2026-03-26T07:09:11.048Z,,,
2026-03-26,unknown,sv1,01,2,100,"{""11"": 100}",1.0,arn:aws:braket:us-west-1:835581428919:quantum-task/657ee6f7-781d-4754-9993-9d5eedcee4f3,2026-03-26T07:09:04.790Z,2026-03-26T07:09:06.146Z,,,
2026-03-26,unknown,sv1,01,1,1,"{""01"": 1}",1.0,arn:aws:braket:us-west-1:835581428919:quantum-task/65a8be96-e240-49c4-a18a-0df4f25b6db9,2026-03-26T07:06:46.526Z,2026-03-26T07:06:47.460Z,,,
2026-03-26,unknown,sv1,01,2,100,"{""11"": 100}",1.0,arn:aws:braket:us-west-1:835581428919:quantum-task/67296715-82f2-4738-b883-fd3a5f83c4e8,2026-03-26T07:09:07.597Z,2026-03-26T07:09:09.738Z,,,
2026-03-26,unknown,sv1,10,3,100,"{""01"": 100}",1.0,arn:aws:braket:us-west-1:835581428919:quantum-task/6908b5c3-d0bb-41d3-9c77-4e529ffd23fa,2026-03-26T07:09:07.017Z,2026-03-26T07:09:09.822Z,,,
2026-03-26,unknown,sv1,00,4,100,"{""00"": 100}",1.0,arn:aws:braket:us-west-1:835581428919:quantum-task/69535eaa-569c-4b3e-9fae-28296a0a6e74,2026-03-26T07:09:12.237Z,2026-03-26T07:09:13.452Z,,,
2026-03-26,unknown,sv1,10,2,100,"{""01"": 100}",1.0,arn:aws:braket:us-west-1:835581428919:quantum-task/6a59985b-dd89-4d9c-b868-4e524363d03f,2026-03-26T07:09:07.214Z,2026-03-26T07:09:09.826Z,,,
2026-03-26,unknown,sv1,00,2,100,"{""00"": 100}",1.0,arn:aws:braket:us-west-1:835581428919:quantum-task/6b55543e-cbce-473e-8adf-a5b0b85d9a21,2026-03-26T07:09:06.046Z,2026-03-26T07:09:07.446Z,,,
2026-03-26,unknown,sv1,11,3,100,"{""11"": 100}",1.0,arn:aws:braket:us-west-1:835581428919:quantum-task/6c682ec2-f136-4243-b20f-dcd69c3ede50,2026-03-26T07:09:12.045Z,2026-03-26T07:09:12.816Z,,,
2026-03-26,unknown,sv1,01,4,1,"{""10"": 1}",1.0,arn:aws:braket:us-west-1:835581428919:quantum-task/6d135ee8-4d4d-4140-b97c-10ccfbc047f8,2026-03-26T07:06:51.748Z,2026-03-26T07:06:52.921Z,,,
2026-03-26,unknown,sv1,00,6,100,"{""00"": 100}",1.0,arn:aws:braket:us-west-1:835581428919:quantum-task/6dd89513-a940-461f-a14e-9d7ea44867d7,2026-03-26T07:08:55.451Z,2026-03-26T07:08:57.807Z,,,
2026-03-26,unknown,sv1,00,4,1,"{""00"": 1}",1.0,arn:aws:braket:us-west-1:835581428919:quantum-task/6f71448c-dd9a-49f7-af93-b197fbad5bb9,2026-03-26T07:06:39.139Z,2026-03-26T07:06:40.258Z,,,
2026-03-26,unknown,sv1,10,1,100,"{""11"": 100}",1.0,arn:aws:braket:us-west-1:835581428919:quantum-task/7267583c-efd1-48b2-ae92-40483237e90f,2026-03-26T07:09:11.516Z,2026-03-26T07:09:12.616Z,,,
2026-03-26,unknown,sv1,10,2,100,"{""01"": 100}",1.0,arn:aws:braket:us-west-1:835581428919:quantum-task/73494034-7bb5-4e1b-9df2-5d6fe4d1b8ac,2026-03-26T07:09:06.453Z,2026-03-26T07:09:08.624Z,,,
2026-03-26,unknown,sv1,00,2,1,"{""00"": 1}",1.0,arn:aws:braket:us-west-1:835581428919:quantum-task/73d0bbdc-3255-4c9e-8c2c-198db53b724c,2026-03-26T07:06:34.520Z,2026-03-26T07:06:35.570Z,,,
2026-03-26,unknown,sv1,10,4,100,"{""11"": 100}",1.0,arn:aws:braket:us-west-1:835581428919:quantum-task/74a7b8c2-1e99-407e-b00c-5c36f41cd100,2026-03-26T07:09:17.527Z,2026-03-26T07:09:18.341Z,,,
2026-03-26,unknown,sv1,10,4,100,"{""11"": 100}",1.0,arn:aws:braket:us-west-1:835581428919:quantum-task/773cf07a-046a-4119-a5c5-035b46124a37,2026-03-26T07:09:15.306Z,2026-03-26T07:09:16.096Z,,,
2026-03-26,unknown,sv1,01,1,100,"{""01"": 100}",1.0,arn:aws:braket:us-west-1:835581428919:quantum-task/81b604bc-d39f-48b3-bf3b-5eace90cd5f0,2026-03-26T07:09:11.860Z,2026-03-26T07:09:12.674Z,,,
2026-03-26,unknown,sv1,10,3,100,"{""01"": 100}",1.0,arn:aws:braket:us-west-1:835581428919:quantum-task/81d20086-1d68-460d-b1be-6af50cf44080,2026-03-26T07:09:06.829Z,2026-03-26T07:09:07.954Z,,,
2026-03-26,unknown,sv1,10,2,100,"{""01"": 100}",1.0,arn:aws:braket:us-west-1:835581428919:quantum-task/8265a457-d31f-4d73-9413-d7f28e0a8069,2026-03-26T07:09:11.339Z,2026-03-26T07:09:12.219Z,,,
2026-03-26,unknown,sv1,10,6,100,"{""10"": 100}",1.0,arn:aws:braket:us-west-1:835581428919:quantum-task/827d7467-8d4b-4946-a287-9255e6344847,2026-03-26T07:09:17.150Z,2026-03-26T07:09:18.244Z,,,
2026-03-26,unknown,sv1,10,2,100,"{""01"": 100}",1.0,arn:aws:braket:us-west-1:835581428919:quantum-task/84cd02c7-b7d2-453f-95ad-cabe0c5300cf,2026-03-26T07:08:53.175Z,2026-03-26T07:08:55.339Z,,,
2026-03-26,unknown,sv1,10,6,100,"{""10"": 100}",1.0,arn:aws:braket:us-west-1:835581428919:quantum-task/88a0b60f-746e-401a-9b3f-1b1f4fb7a80d,2026-03-26T07:09:09.504Z,2026-03-26T07:09:10.370Z,,,
2026-03-26,unknown,sv1,01,3,100,"{""10"": 100}",1.0,arn:aws:braket:us-west-1:835581428919:quantum-task/88bdf360-6d94-4ac7-bd27-539af8c84bd4,2026-03-26T07:08:55.078Z,2026-03-26T07:08:56.151Z,,,
2026-03-26,unknown,sv1,11,6,100,"{""11"": 100}",1.0,arn:aws:braket:us-west-1:835581428919:quantum-task/89e4690f-7fd9-42ea-aa33-375bd6ccec8c,2026-03-26T07:09:10.272Z,2026-03-26T07:09:11.485Z,,,
2026-03-26,unknown,sv1,10,3,100,"{""01"": 100}",1.0,arn:aws:braket:us-west-1:835581428919:quantum-task/8ab85825-c5f4-4c3a-8224-909b757ec980,2026-03-26T07:09:13.325Z,2026-03-26T07:09:14.075Z,,,
2026-03-26,unknown,sv1,10,2,1,"{""01"": 1}",1.0,arn:aws:braket:us-west-1:835581428919:quantum-task/8ba97b3a-163e-47b8-a7a9-9f0f9755d833,2026-03-26T07:07:00.841Z,2026-03-26T07:07:01.743Z,,,
2026-03-26,unknown,sv1,11,1,100,"{""10"": 100}",1.0,arn:aws:braket:us-west-1:835581428919:quantum-task/8cbbbb18-e9fa-4513-a66a-2644d42d1e51,2026-03-26T07:09:16.595Z,2026-03-26T07:09:17.412Z,,,
2026-03-26,unknown,sv1,01,5,100,"{""11"": 100}",1.0,arn:aws:braket:us-west-1:835581428919:quantum-task/90099bb5-1c70-494d-b39e-5ffbf8d75b45,2026-03-26T07:09:11.688Z,2026-03-26T07:09:12.966Z,,,
2026-03-26,unknown,sv1,11,1,1,"{""10"": 1}",1.0,arn:aws:braket:us-west-1:835581428919:quantum-task/929f4982-e2b7-4997-b74c-447711f91dab,2026-03-26T07:07:12.285Z,2026-03-26T07:07:13.394Z,,,
2026-03-26,unknown,sv1,10,6,100,"{""10"": 100}",1.0,arn:aws:braket:us-west-1:835581428919:quantum-task/93678e3d-f6b3-4114-83be-9b7f0c67b2b7,2026-03-26T07:09:04.963Z,2026-03-26T07:09:06.261Z,,,
2026-03-26,unknown,sv1,00,6,100,"{""00"": 100}",1.0,arn:aws:braket:us-west-1:835581428919:quantum-task/942046e6-3930-47f9-923d-571f12c19c76,2026-03-26T07:09:10.978Z,2026-03-26T07:09:14.977Z,,,
2026-03-26,unknown,sv1,01,5,1,"{""11"": 1}",1.0,arn:aws:braket:us-west-1:835581428919:quantum-task/94d19afa-a41d-4f54-9df6-90aaee8499ff,2026-03-26T07:06:54.485Z,2026-03-26T07:06:55.622Z,,,
2026-03-26,unknown,sv1,00,2,100,"{""00"": 100}",1.0,arn:aws:braket:us-west-1:835581428919:quantum-task/953f2759-c98f-46c4-9302-480c2e08f8a6,2026-03-26T07:09:14.405Z,2026-03-26T07:09:15.334Z,,,
2026-03-26,unknown,sv1,00,6,100,"{""00"": 100}",1.0,arn:aws:braket:us-west-1:835581428919:quantum-task/965598da-229b-42af-bcb3-2be1b6edc430,2026-03-26T07:09:05.492Z,2026-03-26T07:09:08.145Z,,,
2026-03-26,unknown,sv1,00,1,1,"{""00"": 1}",1.0,arn:aws:braket:us-west-1:835581428919:quantum-task/98ea8449-4bdd-4981-96e8-1efbd1638112,2026-03-26T07:06:31.592Z,2026-03-26T07:06:33.064Z,,,
2026-03-26,unknown,sv1,10,3,100,"{""01"": 100}",1.0,arn:aws:braket:us-west-1:835581428919:quantum-task/9ac3de74-fa78-47dd-ac97-858b18cd33d9,2026-03-26T07:09:05.136Z,2026-03-26T07:09:06.662Z,,,
2026-03-26,unknown,sv1,11,4,100,"{""01"": 100}",1.0,arn:aws:braket:us-west-1:835581428919:quantum-task/9f0ee3dd-c6a7-4fca-a0e7-2fb21ac7b96d,2026-03-26T07:09:15.129Z,2026-03-26T07:09:15.926Z,,,
2026-03-26,unknown,sv1,11,2,100,"{""10"": 100}",1.0,arn:aws:braket:us-west-1:835581428919:quantum-task/a1dfb3fe-c9cb-4f98-8927-3479ad951b28,2026-03-26T07:09:04.120Z,2026-03-26T07:09:05.474Z,,,
2026-03-26,unknown,sv1,11,6,100,"{""11"": 100}",1.0,arn:aws:braket:us-west-1:835581428919:quantum-task/a3364388-1622-4e6c-ae52-6c6b073ffe6b,2026-03-26T07:09:12.787Z,2026-03-26T07:09:13.682Z,,,
2026-03-26,unknown,sv1,01,1,100,"{""01"": 100}",1.0,arn:aws:braket:us-west-1:835581428919:quantum-task/a442656c-ad20-4b67-bc1d-e5ef60aff867,2026-03-26T07:09:17.338Z,2026-03-26T07:09:18.102Z,,,
2026-03-26,unknown,sv1,01,4,100,"{""10"": 100}",1.0,arn:aws:braket:us-west-1:835581428919:quantum-task/a4ce7a09-fac9-4f7b-89a0-15b6f8c42ef8,2026-03-26T07:08:53.511Z,2026-03-26T07:08:55.978Z,,,
2026-03-26,unknown,sv1,11,2,100,"{""10"": 100}",1.0,arn:aws:braket:us-west-1:835581428919:quantum-task/a564515c-1fd8-4f3c-9edb-bd6d1d0782ec,2026-03-26T07:09:12.421Z,2026-03-26T07:09:13.628Z,,,
2026-03-26,unknown,sv1,00,3,100,"{""00"": 100}",1.0,arn:aws:braket:us-west-1:835581428919:quantum-task/a8d54abb-ac34-41c1-9782-90c1907c634d,2026-03-26T07:09:07.414Z,2026-03-26T07:09:08.485Z,,,
2026-03-26,unknown,sv1,10,3,100,"{""01"": 100}",1.0,arn:aws:braket:us-west-1:835581428919:quantum-task/a92630e9-4721-4bfa-b5a5-975f3d5bc299,2026-03-26T07:09:17.907Z,2026-03-26T07:09:19.270Z,,,
2026-03-26,unknown,sv1,10,1,100,"{""11"": 100}",1.0,arn:aws:braket:us-west-1:835581428919:quantum-task/ae08af17-8a00-411a-bbdd-91b893459219,2026-03-26T07:08:53.781Z,2026-03-26T07:08:54.586Z,,,
2026-03-26,unknown,sv1,00,6,1,"{""00"": 1}",1.0,arn:aws:braket:us-west-1:835581428919:quantum-task/ae2190da-d46e-48d2-8771-583b62543bf3,2026-03-26T07:06:44.815Z,2026-03-26T07:06:45.704Z,,,
2026-03-26,unknown,sv1,00,4,100,"{""00"": 100}",1.0,arn:aws:braket:us-west-1:835581428919:quantum-task/b1274dd8-c53e-4c0b-9c09-724596423e42,2026-03-26T07:09:16.967Z,2026-03-26T07:09:17.949Z,,,
2026-03-26,unknown,sv1,11,4,100,"{""01"": 100}",1.0,arn:aws:braket:us-west-1:835581428919:quantum-task/b21c4fc5-54f2-4572-819d-65c42d6e644b,2026-03-26T07:09:11.158Z,2026-03-26T07:09:12.124Z,,,
2026-03-26,unknown,sv1,00,3,100,"{""00"": 100}",1.0,arn:aws:braket:us-west-1:835581428919:quantum-task/b499d11a-5610-48ba-88d5-ccb7d4fd1146,2026-03-26T07:09:03.533Z,2026-03-26T07:09:04.457Z,,,
2026-03-26,unknown,sv1,01,6,1,"{""01"": 1}",1.0,arn:aws:braket:us-west-1:835581428919:quantum-task/b664fcb8-6644-48a2-9972-e28881e68a33,2026-03-26T07:06:56.235Z,2026-03-26T07:06:57.515Z,,,
2026-03-26,unknown,sv1,01,1,100,"{""01"": 100}",1.0,arn:aws:braket:us-west-1:835581428919:quantum-task/b7d835d5-b881-46aa-a4fa-cb577d7d4d24,2026-03-26T07:09:14.220Z,2026-03-26T07:09:15.177Z,,,
2026-03-26,unknown,sv1,10,6,100,"{""10"": 100}",1.0,arn:aws:braket:us-west-1:835581428919:quantum-task/ba3f7edf-53f3-4179-bf8a-a4a4c5fb128e,2026-03-26T07:09:13.153Z,2026-03-26T07:09:14.127Z,,,
2026-03-26,unknown,sv1,10,3,100,"{""01"": 100}",1.0,arn:aws:braket:us-west-1:835581428919:quantum-task/bd742449-fd80-4be4-994f-be6f0eac83c3,2026-03-26T07:09:13.499Z,2026-03-26T07:09:14.348Z,,,
2026-03-26,unknown,sv1,01,2,1,"{""11"": 1}",1.0,arn:aws:braket:us-west-1:835581428919:quantum-task/c0982fb8-8d65-4ab5-bdac-7ab019831e7a,2026-03-26T07:06:48.364Z,2026-03-26T07:06:49.392Z,,,
2026-03-26,unknown,sv1,11,3,100,"{""11"": 100}",1.0,arn:aws:braket:us-west-1:835581428919:quantum-task/c3f54793-eb7c-4026-a214-784857717de4,2026-03-26T07:09:03.375Z,2026-03-26T07:09:06.220Z,,,
2026-03-26,unknown,sv1,11,6,100,"{""11"": 100}",1.0,arn:aws:braket:us-west-1:835581428919:quantum-task/c6071d08-0e34-4cfa-98c7-2a6414ba3cba,2026-03-26T07:09:08.752Z,2026-03-26T07:09:10.096Z,,,
2026-03-26,unknown,sv1,00,4,100,"{""00"": 100}",1.0,arn:aws:braket:us-west-1:835581428919:quantum-task/c8c7397c-5cba-4ad2-9f6b-0c2f76e7bd92,2026-03-26T07:09:17.716Z,2026-03-26T07:09:18.690Z,,,
2026-03-26,unknown,sv1,00,5,100,"{""00"": 100}",1.0,arn:aws:braket:us-west-1:835581428919:quantum-task/c9cd2427-0e74-40ef-8a6f-483032173994,2026-03-26T07:08:53.964Z,2026-03-26T07:08:55.240Z,,,
2026-03-26,unknown,sv1,00,6,100,"{""00"": 100}",1.0,arn:aws:braket:us-west-1:835581428919:quantum-task/cce6e62b-4e40-4508-b1ef-c179a2e8606f,2026-03-26T07:09:18.088Z,2026-03-26T07:09:19.118Z,,,
2026-03-26,unknown,sv1,10,5,100,"{""10"": 100}",1.0,arn:aws:braket:us-west-1:835581428919:quantum-task/d0a71cf1-f6ca-405e-94bb-e8650359e0de,2026-03-26T07:09:16.779Z,2026-03-26T07:09:17.880Z,,,
2026-03-26,unknown,sv1,10,6,1,"{""10"": 1}",1.0,arn:aws:braket:us-west-1:835581428919:quantum-task/d3ac9698-3f7c-4b29-b4aa-012019aaeef8,2026-03-26T07:07:10.566Z,2026-03-26T07:07:11.443Z,,,
2026-03-26,unknown,sv1,00,3,100,"{""00"": 100}",1.0,arn:aws:braket:us-west-1:835581428919:quantum-task/d5490bb7-56cc-44ef-8bb5-8ce47d854295,2026-03-26T07:09:09.697Z,2026-03-26T07:09:10.677Z,,,
2026-03-26,unknown,sv1,01,6,100,"{""01"": 100}",1.0,arn:aws:braket:us-west-1:835581428919:quantum-task/d6665ae6-ed42-468f-be4b-3f808fa3ec8e,2026-03-26T07:08:53.013Z,2026-03-26T07:08:54.184Z,,,
2026-03-26,unknown,sv1,00,5,100,"{""00"": 100}",1.0,arn:aws:braket:us-west-1:835581428919:quantum-task/d8ccfeb1-5a85-4863-b117-1f99444c0958,2026-03-26T07:08:51.787Z,2026-03-26T07:08:53.923Z,,,
2026-03-26,unknown,sv1,10,3,100,"{""01"": 100}",1.0,arn:aws:braket:us-west-1:835581428919:quantum-task/d8e418cf-f9e6-4f7e-a43c-fe6a4400dfb6,2026-03-26T07:09:03.201Z,2026-03-26T07:09:04.552Z,,,
2026-03-26,unknown,sv1,10,4,100,"{""11"": 100}",1.0,arn:aws:braket:us-west-1:835581428919:quantum-task/db62da31-e044-471f-9637-8a765f6af886,2026-03-26T07:08:55.820Z,2026-03-26T07:08:56.625Z,,,
2026-03-26,unknown,sv1,01,5,100,"{""11"": 100}",1.0,arn:aws:braket:us-west-1:835581428919:quantum-task/dc3bfabe-61ce-4b78-a685-7b90ee7f14dd,2026-03-26T07:09:03.054Z,2026-03-26T07:09:04.134Z,,,
2026-03-26,unknown,sv1,00,3,100,"{""00"": 100}",1.0,arn:aws:braket:us-west-1:835581428919:quantum-task/de585122-e3f4-4de6-ba06-17d045fe8d41,2026-03-26T07:09:13.684Z,2026-03-26T07:09:14.673Z,,,
2026-03-26,unknown,sv1,11,5,1,"{""01"": 1}",1.0,arn:aws:braket:us-west-1:835581428919:quantum-task/e019d603-5013-400c-b1b2-b9e91188b0a0,2026-03-26T07:07:20.190Z,2026-03-26T07:07:21.558Z,,,
2026-03-26,unknown,sv1,10,3,1,"{""01"": 1}",1.0,arn:aws:braket:us-west-1:835581428919:quantum-task/e148506e-3237-4e20-9eca-84fb62e4f566,2026-03-26T07:07:04.380Z,2026-03-26T07:07:05.447Z,,,
2026-03-26,unknown,sv1,11,4,1,"{""01"": 1}",1.0,arn:aws:braket:us-west-1:835581428919:quantum-task/e208070a-9c55-45d3-85df-1f1180c6f099,2026-03-26T07:07:18.509Z,2026-03-26T07:07:19.488Z,,,
2026-03-26,unknown,sv1,11,2,100,"{""10"": 100}",1.0,arn:aws:braket:us-west-1:835581428919:quantum-task/e235836f-4d00-4524-b3d9-8e2b067c6f8d,2026-03-26T07:09:04.462Z,2026-03-26T07:09:06.765Z,,,
2026-03-26,unknown,sv1,11,1,100,"{""10"": 100}",1.0,arn:aws:braket:us-west-1:835581428919:quantum-task/e3b707bf-e7dd-4c0b-9fb9-436cb47829e3,2026-03-26T07:09:10.806Z,2026-03-26T07:09:11.641Z,,,
2026-03-26,unknown,sv1,01,6,100,"{""01"": 100}",1.0,arn:aws:braket:us-west-1:835581428919:quantum-task/e57be822-345b-4907-be5a-6c8ad2d3956b,2026-03-26T07:08:54.554Z,2026-03-26T07:08:58.540Z,,,
2026-03-26,unknown,sv1,10,5,1,"{""10"": 1}",1.0,arn:aws:braket:us-west-1:835581428919:quantum-task/e6aada85-6f62-4273-bd00-bbd048f831ec,2026-03-26T07:07:08.847Z,2026-03-26T07:07:09.802Z,,,
2026-03-26,unknown,sv1,10,2,100,"{""01"": 100}",1.0,arn:aws:braket:us-west-1:835581428919:quantum-task/f40827a8-30c2-48e1-96a9-ca27973f0cef,2026-03-26T07:09:10.639Z,2026-03-26T07:09:16.429Z,,,
2026-03-26,unknown,sv1,10,5,100,"{""10"": 100}",1.0,arn:aws:braket:us-west-1:835581428919:quantum-task/f64b0c3d-00d5-4856-8b45-43cb3765889e,2026-03-26T07:09:09.125Z,2026-03-26T07:09:10.200Z,,,
2026-03-26,unknown,sv1,10,5,100,"{""10"": 100}",1.0,arn:aws:braket:us-west-1:835581428919:quantum-task/f8752685-0e1b-4d5f-b877-2834fab26c79,2026-03-26T07:09:08.360Z,2026-03-26T07:09:09.449Z,,,
2026-03-26,unknown,sv1,01,5,100,"{""11"": 100}",1.0,arn:aws:braket:us-west-1:835581428919:quantum-task/fa076ff2-5fe0-4efc-8ec9-2a0584e3ba17,2026-03-26T07:09:14.950Z,2026-03-26T07:09:17.397Z,,,
2026-03-26,unknown,sv1,01,5,100,"{""11"": 100}",1.0,arn:aws:braket:us-west-1:835581428919:quantum-task/fbeeb8dc-85b9-4a5d-a4ce-6e333a256cbf,2026-03-26T07:08:55.263Z,2026-03-26T07:08:56.329Z,,,
2026-03-26,unknown,sv1,11,6,100,"{""11"": 100}",1.0,arn:aws:braket:us-west-1:835581428919:quantum-task/fcb25ca5-0d52-4609-a68c-6e847ee3db0a,2026-03-26T07:09:06.238Z,2026-03-26T07:09:07.142Z,,,
2026-03-26,unknown,sv1,01,6,100,"{""01"": 100}",1.0,arn:aws:braket:us-west-1:835581428919:quantum-task/ff5f35f7-10d6-4186-a772-d79e836d6bfb,2026-03-26T07:09:15.858Z,2026-03-26T07:09:16.715Z,,,
2026-03-27,unknown,sv1,00,3,1,"{""00"": 1}",1.0,arn:aws:braket:us-west-1:835581428919:quantum-task/00f00a51-f9d1-44c9-8180-9bf628bcbb78,2026-03-27T17:30:50.342Z,2026-03-27T17:30:51.710Z,,,
2026-03-27,unknown,sv1,11,5,1,"{""01"": 1}",1.0,arn:aws:braket:us-west-1:835581428919:quantum-task/0a73415e-53c8-4bee-9c31-ef88d937f54a,2026-03-27T17:31:40.034Z,2026-03-27T17:31:41.060Z,,,
2026-03-27,unknown,sv1,10,5,1,"{""10"": 1}",1.0,arn:aws:braket:us-west-1:835581428919:quantum-task/2b42e7e5-8831-4ccc-8c2e-610cc5093083,2026-03-27T17:31:25.353Z,2026-03-27T17:31:26.291Z,,,
2026-03-27,unknown,sv1,01,4,1,"{""10"": 1}",1.0,arn:aws:braket:us-west-1:835581428919:quantum-task/329b9bb1-4b55-470b-aa87-0bc87d7814b5,2026-03-27T17:31:08.674Z,2026-03-27T17:31:09.651Z,,,
2026-03-27,unknown,sv1,00,2,1,"{""00"": 1}",1.0,arn:aws:braket:us-west-1:835581428919:quantum-task/44ede325-c4cb-4fe8-aaaa-eb34beee842a,2026-03-27T17:30:47.507Z,2026-03-27T17:30:48.778Z,,,
2026-03-27,unknown,sv1,01,5,1,"{""11"": 1}",1.0,arn:aws:braket:us-west-1:835581428919:quantum-task/472194d9-c356-4898-9281-307c06347276,2026-03-27T17:31:10.432Z,2026-03-27T17:31:11.433Z,,,
2026-03-27,unknown,sv1,01,3,1,"{""10"": 1}",1.0,arn:aws:braket:us-west-1:835581428919:quantum-task/4aa17a44-a48d-4a3e-bcd5-706f9d67c30d,2026-03-27T17:31:06.912Z,2026-03-27T17:31:08.013Z,,,
2026-03-27,unknown,sv1,10,3,1,"{""01"": 1}",1.0,arn:aws:braket:us-west-1:835581428919:quantum-task/59d449cc-35ba-4ec2-9388-80d989461d3e,2026-03-27T17:31:19.721Z,2026-03-27T17:31:20.818Z,,,
2026-03-27,unknown,sv1,11,1,1,"{""10"": 1}",1.0,arn:aws:braket:us-west-1:835581428919:quantum-task/765dd3cf-fe31-4a49-b478-97b101ec981b,2026-03-27T17:31:29.897Z,2026-03-27T17:31:31.208Z,,,
2026-03-27,unknown,sv1,10,6,1,"{""10"": 1}",1.0,arn:aws:braket:us-west-1:835581428919:quantum-task/79aeed53-fba0-4413-9793-6662a7273c41,2026-03-27T17:31:27.078Z,2026-03-27T17:31:28.395Z,,,
2026-03-27,unknown,sv1,00,1,1,"{""00"": 1}",1.0,arn:aws:braket:us-west-1:835581428919:quantum-task/7b24484c-dc2b-4492-9812-9cef06708519,2026-03-27T17:30:44.630Z,2026-03-27T17:30:45.957Z,,,
2026-03-27,unknown,sv1,11,2,1,"{""10"": 1}",1.0,arn:aws:braket:us-west-1:835581428919:quantum-task/97d660d3-0189-45fa-9341-e8ef83d9bb3d,2026-03-27T17:31:32.687Z,2026-03-27T17:31:33.864Z,,,
2026-03-27,unknown,sv1,11,3,1,"{""11"": 1}",1.0,arn:aws:braket:us-west-1:835581428919:quantum-task/99c6637d-c594-47c2-93f2-ee888adffc6a,2026-03-27T17:31:35.500Z,2026-03-27T17:31:36.444Z,,,
2026-03-27,unknown,sv1,10,2,1,"{""01"": 1}",1.0,arn:aws:braket:us-west-1:835581428919:quantum-task/9fbfb201-3829-46da-af5b-9d0c265cef21,2026-03-27T17:31:16.795Z,2026-03-27T17:31:18.076Z,,,
2026-03-27,unknown,sv1,11,4,1,"{""01"": 1}",1.0,arn:aws:braket:us-west-1:835581428919:quantum-task/a0ec0d02-90b2-4b18-bf25-4f495e4160f1,2026-03-27T17:31:37.204Z,2026-03-27T17:31:38.354Z,,,
2026-03-27,unknown,sv1,00,6,1,"{""00"": 1}",1.0,arn:aws:braket:us-west-1:835581428919:quantum-task/aa3b057a-f70b-416c-b0ce-8d97c60e3eb7,2026-03-27T17:30:58.224Z,2026-03-27T17:30:58.951Z,,,
2026-03-27,unknown,sv1,10,1,1,"{""11"": 1}",1.0,arn:aws:braket:us-west-1:835581428919:quantum-task/c3b9035c-383d-4c4d-83a8-c8cddaa570af,2026-03-27T17:31:13.924Z,2026-03-27T17:31:15.248Z,,,
2026-03-27,unknown,sv1,00,4,1,"{""00"": 1}",1.0,arn:aws:braket:us-west-1:835581428919:quantum-task/d9a74398-51b7-4467-964a-61e0e34263ed,2026-03-27T17:30:53.170Z,2026-03-27T17:30:54.115Z,,,
2026-03-27,unknown,sv1,01,6,1,"{""01"": 1}",1.0,arn:aws:braket:us-west-1:835581428919:quantum-task/e6836273-b410-48ca-bd40-746e6330253c,2026-03-27T17:31:12.203Z,2026-03-27T17:31:13.071Z,,,
2026-03-27,unknown,sv1,11,6,1,"{""11"": 1}",1.0,arn:aws:braket:us-west-1:835581428919:quantum-task/ea0109b9-e084-4605-828e-71474438476a,2026-03-27T17:31:41.745Z,2026-03-27T17:31:43.033Z,,,
2026-03-27,unknown,sv1,10,4,1,"{""11"": 1}",1.0,arn:aws:braket:us-west-1:835581428919:quantum-task/ef0c9fd8-a77c-488f-aa59-2f55ee49427c,2026-03-27T17:31:22.482Z,2026-03-27T17:31:23.614Z,,,
2026-03-27,unknown,sv1,00,5,1,"{""00"": 1}",1.0,arn:aws:braket:us-west-1:835581428919:quantum-task/f119c14c-cfbe-4949-85b7-81bcf2d7b40f,2026-03-27T17:30:54.879Z,2026-03-27T17:30:56.333Z,,,
2026-03-27,unknown,sv1,01,2,1,"{""11"": 1}",1.0,arn:aws:braket:us-west-1:835581428919:quantum-task/f2ae198b-f14f-4e4c-938e-cb542f56d639,2026-03-27T17:31:04.097Z,2026-03-27T17:31:05.371Z,,,
2026-03-27,unknown,sv1,01,1,1,"{""01"": 1}",1.0,arn:aws:braket:us-west-1:835581428919:quantum-task/f7dfb55b-a532-4d1c-aaa8-4d27e49d01d2,2026-03-27T17:31:00.604Z,2026-03-27T17:31:01.869Z,,,
2026-04-03,unknown,sv1,01,4,1,"{""10"": 1}",1.0,arn:aws:braket:us-west-1:835581428919:quantum-task/01aa0538-44c5-41cd-835d-59acb86ecea9,2026-04-03T18:22:37.320Z,2026-04-03T18:22:38.360Z,,,
2026-04-03,unknown,sv1,10,2,1,"{""01"": 1}",1.0,arn:aws:braket:us-west-1:835581428919:quantum-task/03470a9f-aaac-4d35-8384-9406a113889d,2026-04-03T18:22:46.777Z,2026-04-03T18:22:48.049Z,,,
2026-04-03,unknown,sv1,01,1,1,"{""01"": 1}",1.0,arn:aws:braket:us-west-1:835581428919:quantum-task/04c35b36-6e18-4a6b-9b65-13e3523a8476,2026-04-03T18:22:25.849Z,2026-04-03T18:22:27.041Z,,,
2026-04-03,unknown,sv1,01,2,1,"{""11"": 1}",1.0,arn:aws:braket:us-west-1:835581428919:quantum-task/0c8e5b57-1180-4d09-8efa-373c97f94933,2026-04-03T18:22:28.964Z,2026-04-03T18:22:30.027Z,,,
2026-04-03,unknown,sv1,10,3,1,"{""01"": 1}",1.0,arn:aws:braket:us-west-1:835581428919:quantum-task/12f587c4-ba96-4c44-adfd-f372c76a6233,2026-04-03T18:22:49.700Z,2026-04-03T18:22:50.531Z,,,
2026-04-03,unknown,sv1,00,2,1,"{""00"": 1}",1.0,arn:aws:braket:us-west-1:835581428919:quantum-task/17324faf-9edf-417e-830b-77a134c508b7,2026-04-03T18:22:14.363Z,2026-04-03T18:22:15.317Z,,,
2026-04-03,unknown,sv1,10,6,1,"{""10"": 1}",1.0,arn:aws:braket:us-west-1:835581428919:quantum-task/195913a5-8dfa-4525-aeb8-4ece17c327fa,2026-04-03T18:22:56.295Z,2026-04-03T18:22:57.276Z,,,
2026-04-03,unknown,sv1,00,3,1,"{""00"": 1}",1.0,arn:aws:braket:us-west-1:835581428919:quantum-task/1b8d05ee-1436-446e-a5e0-e095aec9b2d0,2026-04-03T18:22:16.219Z,2026-04-03T18:22:17.702Z,,,
2026-04-03,unknown,sv1,00,4,1,"{""00"": 1}",1.0,arn:aws:braket:us-west-1:835581428919:quantum-task/20a831f6-070f-4909-b67b-5cb52df076c7,2026-04-03T18:22:19.192Z,2026-04-03T18:22:20.465Z,,,
2026-04-03,unknown,sv1,11,4,1,"{""01"": 1}",1.0,arn:aws:braket:us-west-1:835581428919:quantum-task/2651fd3f-5fd6-4ca5-8344-d1569c4f56e3,2026-04-03T18:23:06.814Z,2026-04-03T18:23:07.826Z,,,
2026-04-03,unknown,sv1,11,1,1,"{""10"": 1}",1.0,arn:aws:braket:us-west-1:835581428919:quantum-task/396cfdd8-58e6-41b0-a772-9d7a9f07ab7b,2026-04-03T18:22:59.627Z,2026-04-03T18:23:00.630Z,,,
2026-04-03,unknown,sv1,00,6,1,"{""00"": 1}",1.0,arn:aws:braket:us-west-1:835581428919:quantum-task/48d6530e-6d46-4a1b-b365-17c23ae41360,2026-04-03T18:22:24.022Z,2026-04-03T18:22:25.040Z,,,
2026-04-03,unknown,sv1,11,6,1,"{""11"": 1}",1.0,arn:aws:braket:us-west-1:835581428919:quantum-task/5006de0e-7479-4276-9a83-4219b23ee604,2026-04-03T18:23:10.425Z,2026-04-03T18:23:11.351Z,,,
2026-04-03,unknown,sv1,01,6,1,"{""01"": 1}",1.0,arn:aws:braket:us-west-1:835581428919:quantum-task/53e0ea17-eb4b-4c39-9c5c-2376dbe90b5a,2026-04-03T18:22:42.052Z,2026-04-03T18:22:43.187Z,,,
2026-04-03,unknown,sv1,00,1,1,"{""00"": 1}",1.0,arn:aws:braket:us-west-1:835581428919:quantum-task/65f20363-0d19-48ca-af7b-09588a0a9cd0,2026-04-03T18:22:11.307Z,2026-04-03T18:22:12.624Z,,,
2026-04-03,unknown,sv1,10,1,1,"{""11"": 1}",1.0,arn:aws:braket:us-west-1:835581428919:quantum-task/6edd73a5-8bad-4e61-ae49-e56e22dc0456,2026-04-03T18:22:43.851Z,2026-04-03T18:22:45.052Z,,,
2026-04-03,unknown,sv1,10,4,1,"{""11"": 1}",1.0,arn:aws:braket:us-west-1:835581428919:quantum-task/74ebfb20-536a-4f31-a10a-5629d4ba638a,2026-04-03T18:22:51.569Z,2026-04-03T18:22:52.637Z,,,
2026-04-03,unknown,sv1,10,5,1,"{""10"": 1}",1.0,arn:aws:braket:us-west-1:835581428919:quantum-task/7d26824b-e20c-46c0-9713-d1d6e33993ab,2026-04-03T18:22:53.378Z,2026-04-03T18:22:54.578Z,,,
2026-04-03,unknown,sv1,01,3,1,"{""10"": 1}",1.0,arn:aws:braket:us-west-1:835581428919:quantum-task/a31cfc7f-bf8f-4b81-a3fe-45f21aa614ab,2026-04-03T18:22:30.751Z,2026-04-03T18:22:36.008Z,,,
2026-04-03,unknown,sv1,11,3,1,"{""11"": 1}",1.0,arn:aws:braket:us-west-1:835581428919:quantum-task/a3ee798b-530f-4934-80b9-fa894542b71c,2026-04-03T18:23:04.973Z,2026-04-03T18:23:05.892Z,,,
2026-04-03,unknown,sv1,00,5,1,"{""00"": 1}",1.0,arn:aws:braket:us-west-1:835581428919:quantum-task/c57f5d67-2ba8-414d-9073-ab6f12a30167,2026-04-03T18:22:22.193Z,2026-04-03T18:22:23.207Z,,,
2026-04-03,unknown,sv1,11,5,1,"{""01"": 1}",1.0,arn:aws:braket:us-west-1:835581428919:quantum-task/c6c52ce3-fc0d-461b-80c2-034f97314f86,2026-04-03T18:23:08.690Z,2026-04-03T18:23:09.556Z,,,
2026-04-03,unknown,sv1,11,2,1,"{""10"": 1}",1.0,arn:aws:braket:us-west-1:835581428919:quantum-task/d44d199f-25f4-4982-aaa2-c0291d08e6fb,2026-04-03T18:23:02.001Z,2026-04-03T18:23:03.236Z,,,
2026-04-03,unknown,sv1,01,5,1,"{""11"": 1}",1.0,arn:aws:braket:us-west-1:835581428919:quantum-task/d91055a4-9508-4a33-805a-4bd422a269bc,2026-04-03T18:22:39.117Z,2026-04-03T18:22:40.334Z,,,
